base,artifact,crop
ESP_011289_1950_RED-0009.jpg,True,[  2   5 226 178]
ESP_011289_1950_RED-0044.jpg,False,
ESP_011289_1950_RED-0066.jpg,False,
ESP_011289_1950_RED-0092.jpg,False,
ESP_011289_1950_RED-0102.jpg,False,
ESP_011289_1950_RED-0131.jpg,True,[ 37   0 220 227]
ESP_011289_1950_RED-0139.jpg,False,
ESP_011289_1950_RED-0146.jpg,False,
ESP_011289_1950_RED-0170.jpg,False,
ESP_011289_1950_RED-0176.jpg,True,[  8   2 114 227]
ESP_011289_1950_RED-0193.jpg,False,
ESP_011289_1950_RED-0200.jpg,True,[  0   2 138 221]
ESP_011289_1950_RED-0201.jpg,False,
ESP_011289_1950_RED-0208.jpg,True,[  0   7 164 225]
ESP_011289_1950_RED-0212.jpg,False,
ESP_011289_1950_RED-0228.jpg,False,
ESP_011289_1950_RED-0230.jpg,False,
ESP_011289_1950_RED-0233.jpg,True,[  3  72 225 227]
ESP_011289_1950_RED-0235.jpg,True,[  3  39 226 227]
ESP_011289_1950_RED-0237.jpg,True,[  0  17 174 217]
ESP_011341_0980_RED-0004.jpg,True,[  0  15 186 136]
ESP_011341_0980_RED-0005.jpg,True,[  5   0 204 126]
ESP_011341_0980_RED-0010.jpg,True,[  1   0 198 145]
ESP_011341_0980_RED-0058.jpg,False,
ESP_011341_0980_RED-0062.jpg,True,[ 40  92 226 227]
ESP_011348_0950_RED-0005.jpg,True,[ 71  54 226 227]
ESP_011386_2065_RED-0062.jpg,False,
ESP_011386_2065_RED-0067.jpg,True,[  2   0 215 227]
ESP_011386_2065_RED-0074.jpg,False,
ESP_011386_2065_RED-0076.jpg,False,
ESP_011386_2065_RED-0085.jpg,False,
ESP_011386_2065_RED-0092.jpg,False,
ESP_011386_2065_RED-0093.jpg,False,
ESP_011386_2065_RED-0110.jpg,False,
ESP_011422_0930_RED-0164.jpg,False,
ESP_011422_0930_RED-0201.jpg,True,[  1   0 169 227]
ESP_011422_0930_RED-0252.jpg,False,
ESP_011425_1775_RED-0004.jpg,True,[  1   0 217 182]
ESP_011425_1775_RED-0014.jpg,False,
ESP_011425_1775_RED-0030.jpg,True,[  0   1 227 172]
ESP_011425_1775_RED-0035.jpg,False,
ESP_011425_1775_RED-0052.jpg,False,
ESP_011425_1775_RED-0060.jpg,True,[  0   3 227 225]
ESP_011425_1775_RED-0064.jpg,False,
ESP_011425_1775_RED-0065.jpg,False,
ESP_011425_1775_RED-0091.jpg,False,
ESP_011425_1775_RED-0101.jpg,False,
ESP_011425_1775_RED-0109.jpg,False,
ESP_011425_1775_RED-0117.jpg,False,
ESP_011425_1775_RED-0128.jpg,False,
ESP_011491_0985_RED-0021.jpg,True,[  5  74 226 227]
ESP_011505_1755_RED-0006.jpg,False,
ESP_011505_1755_RED-0065.jpg,False,
ESP_011505_1755_RED-0070.jpg,False,
ESP_011505_1755_RED-0072.jpg,False,
ESP_011505_1755_RED-0074.jpg,False,
ESP_011505_1755_RED-0078.jpg,False,
ESP_011505_1755_RED-0080.jpg,False,
ESP_011610_0935_RED-0046.jpg,False,
ESP_011622_0945_RED-0013.jpg,False,
ESP_011622_0945_RED-0019.jpg,False,
ESP_011623_2100_RED-0003.jpg,True,[  0   1 227 155]
ESP_011623_2100_RED-0007.jpg,True,[  1   0 226 163]
ESP_011623_2100_RED-0015.jpg,False,
ESP_011623_2100_RED-0025.jpg,True,[ 80   1 227 225]
ESP_011623_2100_RED-0032.jpg,False,
ESP_011623_2100_RED-0045.jpg,False,
ESP_011623_2100_RED-0053.jpg,False,
ESP_011623_2100_RED-0062.jpg,False,
ESP_011623_2100_RED-0073.jpg,False,
ESP_011623_2100_RED-0078.jpg,True,[ 64   0 226 227]
ESP_011623_2100_RED-0079.jpg,True,[  0   3 227 201]
ESP_011623_2100_RED-0086.jpg,False,
ESP_011623_2100_RED-0130.jpg,False,
ESP_011623_2100_RED-0136.jpg,False,
ESP_011623_2100_RED-0253.jpg,False,
ESP_011623_2100_RED-0275.jpg,False,
ESP_011623_2100_RED-0287.jpg,False,
ESP_011623_2100_RED-0302.jpg,True,[  1   1 150 227]
ESP_011623_2100_RED-0309.jpg,False,
ESP_011623_2100_RED-0325.jpg,False,
ESP_011623_2100_RED-0346.jpg,False,
ESP_011623_2100_RED-0389.jpg,False,
ESP_011623_2100_RED-0418.jpg,False,
ESP_011623_2100_RED-0420.jpg,False,
ESP_011623_2100_RED-0453.jpg,False,
ESP_011623_2100_RED-0461.jpg,False,
ESP_011623_2100_RED-0471.jpg,False,
ESP_011661_0930_RED-0021.jpg,True,[ 99   1 227 154]
ESP_011661_0930_RED-0026.jpg,False,
ESP_011661_0930_RED-0072.jpg,True,[ 62   0 215 186]
ESP_011661_0930_RED-0094.jpg,False,
ESP_011661_0930_RED-0110.jpg,False,
ESP_011661_0930_RED-0131.jpg,False,
ESP_011661_0930_RED-0151.jpg,True,[ 36  71 226 227]
ESP_011677_1655_RED-0008.jpg,False,
ESP_011677_1655_RED-0031.jpg,False,
ESP_011677_1655_RED-0043.jpg,False,
ESP_011677_1655_RED-0079.jpg,False,
ESP_011677_1655_RED-0106.jpg,False,
ESP_011677_1655_RED-0114.jpg,False,
ESP_011677_1655_RED-0144.jpg,True,[  1   0 223 226]
ESP_011677_1655_RED-0171.jpg,False,
ESP_011697_0980_RED-0032.jpg,False,
ESP_011716_0940_RED-0008.jpg,False,
ESP_011727_0940_RED-0007.jpg,False,
ESP_011767_0950_RED-0036.jpg,False,
ESP_011767_0950_RED-0047.jpg,False,
ESP_011767_0950_RED-0050.jpg,True,[ 81  64 200 227]
ESP_011767_0950_RED-0051.jpg,False,
ESP_011842_0980_RED-0042.jpg,True,[  1   0 213 124]
ESP_011842_0980_RED-0069.jpg,True,[ 26  95 226 227]
ESP_011881_1585_RED-0022.jpg,False,
ESP_011881_1585_RED-0037.jpg,False,
ESP_011881_1585_RED-0039.jpg,False,
ESP_011881_1585_RED-0051.jpg,False,
ESP_011881_1585_RED-0058.jpg,False,
ESP_011881_1585_RED-0068.jpg,False,
ESP_011881_1585_RED-0126.jpg,False,
ESP_011881_1585_RED-0287.jpg,False,
ESP_011951_0930_RED-0010.jpg,True,[ 53   0 226 193]
ESP_011951_0930_RED-0011.jpg,True,[  1   1 221 170]
ESP_011951_0930_RED-0019.jpg,False,
ESP_011951_0930_RED-0023.jpg,True,[ 82   1 227 188]
ESP_011951_0930_RED-0038.jpg,False,
ESP_011951_0930_RED-0058.jpg,False,
ESP_011951_0930_RED-0091.jpg,False,
ESP_011951_0930_RED-0163.jpg,False,
ESP_011951_0930_RED-0176.jpg,True,[ 29 106 211 227]
ESP_011954_0930_RED-0014.jpg,False,
ESP_012053_0980_RED-0161.jpg,True,[  6  51 227 225]
ESP_012057_0950_RED-0014.jpg,True,[ 26   0 224 157]
ESP_012057_0950_RED-0082.jpg,False,
ESP_012057_0950_RED-0111.jpg,False,
ESP_012057_0950_RED-0131.jpg,False,
ESP_012057_0950_RED-0134.jpg,True,[  5  83 197 227]
ESP_012057_0950_RED-0135.jpg,False,
ESP_012081_0930_RED-0005.jpg,True,[ 87   4 227 226]
ESP_012215_0935_RED-0134.jpg,False,
ESP_012215_0935_RED-0151.jpg,True,[ 66  86 175 227]
ESP_012215_0935_RED-0164.jpg,True,[  1  47 181 227]
ESP_012215_0935_RED-0171.jpg,False,
ESP_012215_0935_RED-0198.jpg,False,
ESP_012215_0935_RED-0286.jpg,False,
ESP_012215_0935_RED-0362.jpg,False,
ESP_012215_0935_RED-0371.jpg,True,[ 52  77 226 227]
ESP_012264_0980_RED-0031.jpg,False,
ESP_012264_0980_RED-0155.jpg,False,
ESP_012269_0925_RED-0026.jpg,False,
ESP_012282_0955_RED-0045.jpg,False,
ESP_012282_0955_RED-0058.jpg,False,
ESP_012282_0955_RED-0067.jpg,False,
ESP_012282_0955_RED-0079.jpg,False,
ESP_012282_0955_RED-0115.jpg,True,[  3  68 207 227]
ESP_012284_0910_RED-0008.jpg,True,[  0   3 206 143]
ESP_012294_0935_RED-0040.jpg,False,
ESP_012294_0935_RED-0084.jpg,False,
ESP_012294_0935_RED-0124.jpg,False,
ESP_012294_0935_RED-0130.jpg,False,
ESP_012294_0935_RED-0149.jpg,False,
ESP_012298_0930_RED-0017.jpg,True,[  0   1 214 166]
ESP_012298_0930_RED-0023.jpg,False,
ESP_012298_0930_RED-0030.jpg,True,[  0   1 156 220]
ESP_012298_0930_RED-0040.jpg,False,
ESP_012298_0930_RED-0072.jpg,False,
ESP_012298_0930_RED-0156.jpg,False,
ESP_012298_0930_RED-0215.jpg,False,
ESP_012298_0930_RED-0224.jpg,False,
ESP_012298_0930_RED-0257.jpg,False,
ESP_012298_0930_RED-0260.jpg,False,
ESP_012298_0930_RED-0286.jpg,False,
ESP_012298_0930_RED-0287.jpg,False,
ESP_012298_0930_RED-0333.jpg,False,
ESP_012298_0930_RED-0383.jpg,False,
ESP_012298_0930_RED-0384.jpg,False,
ESP_012298_0930_RED-0424.jpg,False,
ESP_012298_0930_RED-0431.jpg,False,
ESP_012298_0930_RED-0462.jpg,True,[ 52   2 227 226]
ESP_012298_0930_RED-0481.jpg,False,
ESP_012298_0930_RED-0496.jpg,False,
ESP_012298_0930_RED-0497.jpg,False,
ESP_012298_0930_RED-0531.jpg,True,[ 54   3 227 222]
ESP_012298_0930_RED-0532.jpg,False,
ESP_012298_0930_RED-0534.jpg,False,
ESP_012298_0930_RED-0541.jpg,True,[113  19 227 223]
ESP_012307_0940_RED-0005.jpg,False,
ESP_012307_0940_RED-0116.jpg,False,
ESP_012307_0940_RED-0125.jpg,False,
ESP_012333_0945_RED-0094.jpg,False,
ESP_012333_0945_RED-0124.jpg,False,
ESP_012363_0870_RED-0001.jpg,False,
ESP_012363_0870_RED-0004.jpg,True,[  1   0 211 143]
ESP_012363_0870_RED-0010.jpg,False,
ESP_012363_0870_RED-0019.jpg,False,
ESP_012363_0870_RED-0028.jpg,False,
ESP_012373_0930_RED-0004.jpg,True,[ 93  14 227 192]
ESP_012373_0930_RED-0009.jpg,False,
ESP_012373_0930_RED-0029.jpg,False,
ESP_012373_0930_RED-0036.jpg,False,
ESP_012373_0930_RED-0045.jpg,False,
ESP_012373_0930_RED-0050.jpg,True,[ 74   1 227 205]
ESP_012373_0930_RED-0059.jpg,False,
ESP_012373_0930_RED-0070.jpg,False,
ESP_012373_0930_RED-0080.jpg,False,
ESP_012373_0930_RED-0087.jpg,False,
ESP_012373_0930_RED-0088.jpg,False,
ESP_012373_0930_RED-0105.jpg,False,
ESP_012373_0930_RED-0112.jpg,False,
ESP_012373_0930_RED-0147.jpg,False,
ESP_012373_0930_RED-0160.jpg,False,
ESP_012373_0930_RED-0164.jpg,False,
ESP_012373_0930_RED-0165.jpg,False,
ESP_012373_0930_RED-0170.jpg,False,
ESP_012373_0930_RED-0185.jpg,True,[  0  15 125 196]
ESP_012494_2050_RED-0050.jpg,False,
ESP_012494_2050_RED-0052.jpg,False,
ESP_012494_2050_RED-0064.jpg,False,
ESP_012494_2050_RED-0066.jpg,False,
ESP_012494_2050_RED-0092.jpg,False,
ESP_012494_2050_RED-0094.jpg,False,
ESP_012494_2050_RED-0108.jpg,False,
ESP_012494_2050_RED-0110.jpg,False,
ESP_012494_2050_RED-0116.jpg,False,
ESP_012494_2050_RED-0126.jpg,False,
ESP_012494_2050_RED-0132.jpg,False,
ESP_012494_2050_RED-0140.jpg,False,
ESP_012494_2050_RED-0163.jpg,False,
ESP_012494_2050_RED-0164.jpg,False,
ESP_012494_2050_RED-0172.jpg,False,
ESP_012558_0950_RED-0021.jpg,False,
ESP_012558_0950_RED-0031.jpg,False,
ESP_012558_0950_RED-0058.jpg,False,
ESP_012558_0950_RED-0080.jpg,True,[  0  81 167 226]
ESP_012560_1660_RED-0038.jpg,False,
ESP_012560_1660_RED-0042.jpg,False,
ESP_012560_1660_RED-0054.jpg,False,
ESP_012571_0930_RED-0006.jpg,True,[  1   0 172 167]
ESP_012571_0930_RED-0064.jpg,False,
ESP_012571_0930_RED-0110.jpg,False,
ESP_012588_0930_RED-0008.jpg,False,
ESP_012588_0930_RED-0031.jpg,True,[  0   1 120 204]
ESP_012588_1855_RED-0228.jpg,False,
ESP_012588_1855_RED-0310.jpg,False,
ESP_012588_1855_RED-0322.jpg,False,
ESP_012637_0935_RED-0001.jpg,True,[  4   0 152 153]
ESP_012637_0935_RED-0029.jpg,False,
ESP_012637_0935_RED-0053.jpg,False,
ESP_012637_0935_RED-0056.jpg,False,
ESP_012637_0935_RED-0102.jpg,True,[ 64   0 223 144]
ESP_012637_0935_RED-0107.jpg,False,
ESP_012637_0935_RED-0176.jpg,False,
ESP_012637_0935_RED-0191.jpg,True,[  0  26 182 224]
ESP_012637_0935_RED-0236.jpg,True,[ 76   0 226 149]
ESP_012637_0935_RED-0248.jpg,False,
ESP_012637_0935_RED-0277.jpg,False,
ESP_012637_0935_RED-0320.jpg,False,
ESP_012637_0935_RED-0346.jpg,False,
ESP_012637_0935_RED-0380.jpg,False,
ESP_012637_0935_RED-0404.jpg,False,
ESP_012652_0950_RED-0003.jpg,False,
ESP_012652_0950_RED-0077.jpg,False,
ESP_012652_0950_RED-0126.jpg,False,
ESP_012652_0950_RED-0143.jpg,False,
ESP_012652_0950_RED-0149.jpg,True,[  0  65 227 223]
ESP_012652_0950_RED-0157.jpg,True,[  3  91 187 227]
ESP_012687_1930_RED-0013.jpg,True,[ 64   1 227 216]
ESP_012687_1930_RED-0017.jpg,False,
ESP_012687_1930_RED-0018.jpg,False,
ESP_012687_1930_RED-0026.jpg,False,
ESP_012687_1930_RED-0027.jpg,False,
ESP_012687_1930_RED-0041.jpg,False,
ESP_012687_1930_RED-0043.jpg,False,
ESP_012687_1930_RED-0046.jpg,False,
ESP_012687_1930_RED-0048.jpg,False,
ESP_012687_1930_RED-0049.jpg,False,
ESP_012687_1930_RED-0050.jpg,False,
ESP_012687_1930_RED-0051.jpg,False,
ESP_012687_1930_RED-0055.jpg,False,
ESP_012687_1930_RED-0056.jpg,False,
ESP_012687_1930_RED-0070.jpg,True,[ 41   0 189 226]
ESP_012687_1930_RED-0074.jpg,False,
ESP_012687_1930_RED-0079.jpg,False,
ESP_012687_1930_RED-0080.jpg,False,
ESP_012687_1930_RED-0092.jpg,False,
ESP_012687_1930_RED-0093.jpg,False,
ESP_012687_1930_RED-0132.jpg,False,
ESP_012687_1930_RED-0133.jpg,False,
ESP_012687_1930_RED-0138.jpg,True,[  0  81 121 219]
ESP_012700_2025_RED-0011.jpg,True,[ 58   0 214 227]
ESP_012700_2025_RED-0012.jpg,False,
ESP_012700_2025_RED-0016.jpg,False,
ESP_012700_2025_RED-0017.jpg,False,
ESP_012700_2025_RED-0022.jpg,False,
ESP_012700_2025_RED-0025.jpg,False,
ESP_012700_2025_RED-0027.jpg,False,
ESP_012700_2025_RED-0028.jpg,False,
ESP_012700_2025_RED-0031.jpg,False,
ESP_012700_2025_RED-0038.jpg,False,
ESP_012700_2025_RED-0040.jpg,True,[ 32   2 227 219]
ESP_012700_2025_RED-0078.jpg,False,
ESP_012700_2025_RED-0079.jpg,False,
ESP_012700_2025_RED-0080.jpg,False,
ESP_012700_2025_RED-0087.jpg,False,
ESP_012810_0925_RED-0010.jpg,True,[ 15   1 225 180]
ESP_012810_0925_RED-0012.jpg,False,
ESP_012810_0925_RED-0015.jpg,False,
ESP_012810_0925_RED-0021.jpg,False,
ESP_012810_0925_RED-0023.jpg,False,
ESP_012810_0925_RED-0026.jpg,False,
ESP_012810_0925_RED-0027.jpg,False,
ESP_012810_0925_RED-0028.jpg,False,
ESP_012810_0925_RED-0029.jpg,False,
ESP_012810_0925_RED-0030.jpg,False,
ESP_012810_0925_RED-0031.jpg,False,
ESP_012810_0925_RED-0033.jpg,False,
ESP_012810_0925_RED-0034.jpg,False,
ESP_012810_0925_RED-0038.jpg,False,
ESP_012810_0925_RED-0040.jpg,False,
ESP_012810_0925_RED-0042.jpg,False,
ESP_012810_0925_RED-0043.jpg,False,
ESP_012810_0925_RED-0044.jpg,False,
ESP_012810_0925_RED-0049.jpg,False,
ESP_012810_0925_RED-0054.jpg,False,
ESP_012810_0925_RED-0058.jpg,False,
ESP_012810_0925_RED-0060.jpg,False,
ESP_012810_0925_RED-0061.jpg,False,
ESP_012810_0925_RED-0063.jpg,False,
ESP_012810_0925_RED-0064.jpg,False,
ESP_012810_0925_RED-0066.jpg,False,
ESP_012810_0925_RED-0068.jpg,False,
ESP_012810_0925_RED-0070.jpg,False,
ESP_012810_0925_RED-0071.jpg,False,
ESP_012810_0925_RED-0076.jpg,False,
ESP_012810_0925_RED-0080.jpg,False,
ESP_012810_0925_RED-0081.jpg,False,
ESP_012810_0925_RED-0083.jpg,False,
ESP_012810_0925_RED-0084.jpg,False,
ESP_012810_0925_RED-0085.jpg,False,
ESP_012810_0925_RED-0086.jpg,False,
ESP_012810_0925_RED-0087.jpg,False,
ESP_012810_0925_RED-0089.jpg,False,
ESP_012810_0925_RED-0090.jpg,False,
ESP_012810_0925_RED-0092.jpg,False,
ESP_012810_0925_RED-0093.jpg,False,
ESP_012810_0925_RED-0094.jpg,False,
ESP_012810_0925_RED-0095.jpg,False,
ESP_012810_0925_RED-0096.jpg,False,
ESP_012810_0925_RED-0098.jpg,False,
ESP_012810_0925_RED-0099.jpg,False,
ESP_012810_0925_RED-0100.jpg,False,
ESP_012810_0925_RED-0101.jpg,False,
ESP_012810_0925_RED-0104.jpg,False,
ESP_012810_0925_RED-0107.jpg,False,
ESP_012810_0925_RED-0108.jpg,False,
ESP_012810_0925_RED-0109.jpg,False,
ESP_012810_0925_RED-0111.jpg,False,
ESP_012810_0925_RED-0112.jpg,False,
ESP_012810_0925_RED-0113.jpg,False,
ESP_012810_0925_RED-0115.jpg,False,
ESP_012810_0925_RED-0116.jpg,False,
ESP_012810_0925_RED-0117.jpg,False,
ESP_012810_0925_RED-0119.jpg,False,
ESP_012810_0925_RED-0120.jpg,False,
ESP_012810_0925_RED-0121.jpg,False,
ESP_012810_0925_RED-0122.jpg,False,
ESP_012810_0925_RED-0124.jpg,False,
ESP_012810_0925_RED-0128.jpg,False,
ESP_012810_0925_RED-0129.jpg,False,
ESP_012810_0925_RED-0130.jpg,False,
ESP_012810_0925_RED-0132.jpg,True,[ 59  28 227 226]
ESP_012810_0925_RED-0133.jpg,False,
ESP_012810_0925_RED-0134.jpg,False,
ESP_012810_0925_RED-0135.jpg,False,
ESP_012810_0925_RED-0139.jpg,False,
ESP_012810_0925_RED-0140.jpg,False,
ESP_012810_0925_RED-0141.jpg,False,
ESP_012810_0925_RED-0142.jpg,False,
ESP_012810_0925_RED-0147.jpg,False,
ESP_012810_0925_RED-0149.jpg,False,
ESP_012810_0925_RED-0150.jpg,False,
ESP_012810_0925_RED-0151.jpg,False,
ESP_012810_0925_RED-0153.jpg,True,[ 22   0 226 227]
ESP_012810_0925_RED-0154.jpg,False,
ESP_012810_0925_RED-0160.jpg,True,[  0  45 227 225]
ESP_012810_0925_RED-0166.jpg,True,[  0  57 227 223]
ESP_012838_0950_RED-0003.jpg,False,
ESP_012971_2015_RED-0000.jpg,True,[ 31   0 221 227]
ESP_012971_2015_RED-0008.jpg,False,
ESP_012971_2015_RED-0014.jpg,False,
ESP_012971_2015_RED-0032.jpg,True,[  0   1 227 197]
ESP_012971_2015_RED-0035.jpg,False,
ESP_012971_2015_RED-0038.jpg,False,
ESP_012971_2015_RED-0044.jpg,False,
ESP_012971_2015_RED-0058.jpg,False,
ESP_012971_2015_RED-0066.jpg,True,[ 41   0 226 224]
ESP_012971_2015_RED-0076.jpg,False,
ESP_012971_2015_RED-0101.jpg,False,
ESP_012971_2015_RED-0116.jpg,False,
ESP_012971_2015_RED-0132.jpg,False,
ESP_012971_2015_RED-0139.jpg,False,
ESP_012971_2015_RED-0148.jpg,False,
ESP_012971_2015_RED-0154.jpg,False,
ESP_012971_2015_RED-0188.jpg,False,
ESP_012971_2015_RED-0195.jpg,False,
ESP_012971_2015_RED-0203.jpg,False,
ESP_012971_2015_RED-0205.jpg,False,
ESP_012971_2015_RED-0208.jpg,False,
ESP_012971_2015_RED-0228.jpg,False,
ESP_012971_2015_RED-0235.jpg,False,
ESP_012971_2015_RED-0238.jpg,False,
ESP_012971_2015_RED-0266.jpg,False,
ESP_012971_2015_RED-0309.jpg,False,
ESP_012971_2015_RED-0324.jpg,False,
ESP_012971_2015_RED-0328.jpg,False,
ESP_012971_2015_RED-0336.jpg,False,
ESP_012971_2015_RED-0354.jpg,False,
ESP_012971_2015_RED-0362.jpg,False,
ESP_012971_2015_RED-0384.jpg,False,
ESP_012971_2015_RED-0393.jpg,False,
ESP_012971_2015_RED-0407.jpg,False,
ESP_012971_2015_RED-0408.jpg,False,
ESP_012971_2015_RED-0416.jpg,False,
ESP_012971_2015_RED-0417.jpg,False,
ESP_012971_2015_RED-0436.jpg,False,
ESP_013024_2265_RED-0164.jpg,False,
ESP_013049_0950_RED-0007.jpg,True,[ 75   1 227 132]
ESP_013049_0950_RED-0010.jpg,False,
ESP_013049_0950_RED-0012.jpg,False,
ESP_013049_0950_RED-0013.jpg,True,[ 55   0 225 167]
ESP_013049_0950_RED-0015.jpg,False,
ESP_013049_0950_RED-0030.jpg,False,
ESP_013049_0950_RED-0032.jpg,False,
ESP_013049_0950_RED-0037.jpg,False,
ESP_013049_0950_RED-0040.jpg,False,
ESP_013049_0950_RED-0043.jpg,False,
ESP_013049_0950_RED-0050.jpg,False,
ESP_013049_0950_RED-0058.jpg,False,
ESP_013049_0950_RED-0059.jpg,False,
ESP_013049_0950_RED-0060.jpg,False,
ESP_013049_0950_RED-0063.jpg,False,
ESP_013049_0950_RED-0067.jpg,True,[  1   0 184 149]
ESP_013049_0950_RED-0069.jpg,False,
ESP_013049_0950_RED-0071.jpg,False,
ESP_013049_0950_RED-0073.jpg,False,
ESP_013049_0950_RED-0075.jpg,False,
ESP_013049_0950_RED-0076.jpg,False,
ESP_013049_0950_RED-0086.jpg,False,
ESP_013049_0950_RED-0088.jpg,False,
ESP_013049_0950_RED-0089.jpg,False,
ESP_013049_0950_RED-0097.jpg,False,
ESP_013049_0950_RED-0102.jpg,False,
ESP_013049_0950_RED-0108.jpg,False,
ESP_013049_0950_RED-0112.jpg,True,[  1   0 169 154]
ESP_013049_0950_RED-0117.jpg,False,
ESP_013049_0950_RED-0118.jpg,False,
ESP_013049_0950_RED-0119.jpg,False,
ESP_013049_0950_RED-0122.jpg,False,
ESP_013049_0950_RED-0123.jpg,False,
ESP_013049_0950_RED-0125.jpg,True,[  1   0 163 149]
ESP_013049_0950_RED-0134.jpg,False,
ESP_013049_0950_RED-0143.jpg,False,
ESP_013049_0950_RED-0152.jpg,False,
ESP_013049_0950_RED-0158.jpg,False,
ESP_013049_0950_RED-0160.jpg,False,
ESP_013049_0950_RED-0161.jpg,True,[ 46  59 224 227]
ESP_013049_0950_RED-0162.jpg,False,
ESP_013049_0950_RED-0165.jpg,True,[  0   1 177 189]
ESP_013049_0950_RED-0169.jpg,False,
ESP_013049_0950_RED-0173.jpg,False,
ESP_013049_0950_RED-0178.jpg,False,
ESP_013049_0950_RED-0188.jpg,False,
ESP_013049_0950_RED-0208.jpg,False,
ESP_013049_0950_RED-0209.jpg,False,
ESP_013049_0950_RED-0211.jpg,True,[ 60  60 227 225]
ESP_013049_0950_RED-0214.jpg,False,
ESP_013049_0950_RED-0218.jpg,False,
ESP_013049_0950_RED-0230.jpg,True,[  1  64 220 227]
ESP_013049_0950_RED-0233.jpg,True,[  0  34 174 226]
ESP_013049_0950_RED-0235.jpg,True,[ 86  84 227 226]
ESP_013049_0950_RED-0236.jpg,False,
ESP_013049_0950_RED-0238.jpg,True,[ 66  83 226 227]
ESP_013049_0950_RED-0240.jpg,True,[ 34  77 225 227]
ESP_013141_2105_RED-0004.jpg,False,
ESP_013141_2105_RED-0007.jpg,True,[ 61   3 227 225]
ESP_013141_2105_RED-0008.jpg,False,
ESP_013141_2105_RED-0014.jpg,False,
ESP_013141_2105_RED-0015.jpg,False,
ESP_013141_2105_RED-0053.jpg,False,
ESP_013141_2105_RED-0054.jpg,False,
ESP_013141_2105_RED-0056.jpg,False,
ESP_013141_2105_RED-0068.jpg,True,[  1   4 142 227]
ESP_013141_2105_RED-0070.jpg,False,
ESP_013141_2105_RED-0071.jpg,False,
ESP_013141_2105_RED-0072.jpg,False,
ESP_013141_2105_RED-0073.jpg,True,[ 65   0 226 227]
ESP_013141_2105_RED-0081.jpg,False,
ESP_013141_2105_RED-0087.jpg,False,
ESP_013141_2105_RED-0088.jpg,False,
ESP_013141_2105_RED-0093.jpg,False,
ESP_013141_2105_RED-0122.jpg,False,
ESP_013141_2105_RED-0132.jpg,False,
ESP_013141_2105_RED-0141.jpg,False,
ESP_013161_1715_RED-0040.jpg,False,
ESP_013161_1715_RED-0047.jpg,False,
ESP_013161_1715_RED-0048.jpg,False,
ESP_013161_1715_RED-0049.jpg,False,
ESP_013161_1715_RED-0057.jpg,False,
ESP_013161_1715_RED-0058.jpg,False,
ESP_013161_1715_RED-0065.jpg,False,
ESP_013161_1715_RED-0071.jpg,False,
ESP_013161_1715_RED-0081.jpg,False,
ESP_013161_1715_RED-0112.jpg,False,
ESP_013161_1715_RED-0119.jpg,False,
ESP_013161_1715_RED-0131.jpg,False,
ESP_013161_1715_RED-0144.jpg,False,
ESP_013257_2110_RED-0220.jpg,False,
ESP_013281_1930_RED-0002.jpg,False,
ESP_013281_1930_RED-0012.jpg,False,
ESP_013281_1930_RED-0016.jpg,False,
ESP_013281_1930_RED-0018.jpg,False,
ESP_013281_1930_RED-0072.jpg,False,
ESP_013281_1930_RED-0077.jpg,False,
ESP_013788_1910_RED-0231.jpg,False,
ESP_013788_1910_RED-0281.jpg,False,
ESP_013788_1910_RED-0295.jpg,True,[  6   0 155 227]
ESP_013799_1755_RED-0012.jpg,False,
ESP_013799_1755_RED-0028.jpg,False,
ESP_013799_1755_RED-0033.jpg,False,
ESP_013799_1755_RED-0035.jpg,False,
ESP_013799_1755_RED-0037.jpg,False,
ESP_013799_1755_RED-0044.jpg,False,
ESP_013799_1755_RED-0047.jpg,False,
ESP_013799_1755_RED-0049.jpg,False,
ESP_013799_1755_RED-0051.jpg,False,
ESP_013827_0950_RED-0033.jpg,False,
ESP_014079_1715_RED-0528.jpg,False,
ESP_014156_1865_RED-0023.jpg,False,
ESP_014156_1865_RED-0058.jpg,False,
ESP_014156_1865_RED-0066.jpg,False,
ESP_014156_1865_RED-0112.jpg,False,
ESP_014380_0945_RED-0000.jpg,True,[  2   0 173 140]
ESP_014380_0945_RED-0003.jpg,False,
ESP_014380_0945_RED-0013.jpg,False,
ESP_014429_1940_RED-0017.jpg,False,
ESP_014429_1940_RED-0028.jpg,True,[  0   2 227 175]
ESP_014429_1940_RED-0031.jpg,False,
ESP_014429_1940_RED-0032.jpg,False,
ESP_014429_1940_RED-0069.jpg,False,
ESP_014429_1940_RED-0079.jpg,False,
ESP_014429_1940_RED-0081.jpg,True,[  0   4 159 204]
ESP_014429_1940_RED-0092.jpg,False,
ESP_014429_1940_RED-0115.jpg,False,
ESP_014429_1940_RED-0134.jpg,False,
ESP_014429_1940_RED-0137.jpg,False,
ESP_014429_1940_RED-0283.jpg,False,
ESP_015897_2655_RED-0010.jpg,True,[ 92   6 222 149]
ESP_015897_2655_RED-0013.jpg,False,
ESP_015897_2655_RED-0015.jpg,True,[ 52  28 227 197]
ESP_015897_2655_RED-0018.jpg,False,
ESP_015897_2655_RED-0019.jpg,False,
ESP_015897_2655_RED-0020.jpg,False,
ESP_015897_2655_RED-0021.jpg,False,
ESP_015897_2655_RED-0023.jpg,False,
ESP_015897_2655_RED-0025.jpg,False,
ESP_015897_2655_RED-0028.jpg,False,
ESP_015897_2655_RED-0035.jpg,False,
ESP_015897_2655_RED-0036.jpg,False,
ESP_015897_2655_RED-0038.jpg,True,[  2 106 183 227]
ESP_015897_2655_RED-0039.jpg,False,
ESP_015897_2655_RED-0042.jpg,False,
ESP_015897_2655_RED-0044.jpg,False,
ESP_015897_2655_RED-0049.jpg,True,[ 62   0 217 190]
ESP_015897_2655_RED-0052.jpg,False,
ESP_015897_2655_RED-0060.jpg,True,[  5 111 184 227]
ESP_015962_1695_RED-0000.jpg,True,[  1   0 226 159]
ESP_015962_1695_RED-0009.jpg,False,
ESP_015962_1695_RED-0010.jpg,True,[ 73   1 227 226]
ESP_015962_1695_RED-0016.jpg,False,
ESP_015962_1695_RED-0017.jpg,False,
ESP_016095_2655_RED-0008.jpg,True,[ 17   0 193 127]
ESP_016095_2655_RED-0013.jpg,False,
ESP_016095_2655_RED-0015.jpg,False,
ESP_016095_2655_RED-0024.jpg,False,
ESP_016095_2655_RED-0031.jpg,False,
ESP_016095_2655_RED-0032.jpg,False,
ESP_016095_2655_RED-0035.jpg,True,[  0   1  92 123]
ESP_016095_2655_RED-0036.jpg,False,
ESP_016095_2655_RED-0040.jpg,False,
ESP_016095_2655_RED-0041.jpg,False,
ESP_016095_2655_RED-0046.jpg,False,
ESP_016095_2655_RED-0047.jpg,False,
ESP_016095_2655_RED-0049.jpg,False,
ESP_016095_2655_RED-0051.jpg,True,[ 75   0 224 190]
ESP_016095_2655_RED-0052.jpg,False,
ESP_016095_2655_RED-0054.jpg,True,[ 34 105 220 227]
ESP_016148_2040_RED-0001.jpg,False,
ESP_016148_2040_RED-0011.jpg,False,
ESP_016148_2040_RED-0017.jpg,False,
ESP_016148_2040_RED-0021.jpg,False,
ESP_016148_2040_RED-0053.jpg,True,[ 58   0 226 227]
ESP_016148_2040_RED-0073.jpg,False,
ESP_016148_2040_RED-0097.jpg,False,
ESP_016148_2040_RED-0132.jpg,True,[ 63   0 221 227]
ESP_016148_2040_RED-0133.jpg,False,
ESP_016148_2040_RED-0136.jpg,False,
ESP_016148_2040_RED-0197.jpg,False,
ESP_016148_2040_RED-0200.jpg,False,
ESP_016148_2040_RED-0216.jpg,False,
ESP_016148_2040_RED-0222.jpg,False,
ESP_016151_1445_RED-0173.jpg,False,
ESP_016151_1445_RED-0202.jpg,False,
ESP_016151_1445_RED-0256.jpg,False,
ESP_016151_1445_RED-0294.jpg,True,[  2   1 182 227]
ESP_016151_1445_RED-0309.jpg,False,
ESP_016151_1445_RED-0390.jpg,False,
ESP_016151_1445_RED-0404.jpg,False,
ESP_016240_2655_RED-0001.jpg,False,
ESP_016240_2655_RED-0003.jpg,False,
ESP_016240_2655_RED-0015.jpg,False,
ESP_016240_2655_RED-0019.jpg,False,
ESP_016240_2655_RED-0029.jpg,False,
ESP_016240_2655_RED-0030.jpg,False,
ESP_016240_2655_RED-0033.jpg,False,
ESP_016240_2655_RED-0038.jpg,False,
ESP_016517_2655_RED-0001.jpg,False,
ESP_016517_2655_RED-0013.jpg,False,
ESP_016517_2655_RED-0020.jpg,False,
ESP_016517_2655_RED-0026.jpg,True,[ 86  57 227 149]
ESP_016530_1465_RED-0032.jpg,False,
ESP_016530_1465_RED-0040.jpg,False,
ESP_016530_1465_RED-0090.jpg,True,[ 65   3 227 225]
ESP_016530_1465_RED-0097.jpg,False,
ESP_016530_1465_RED-0110.jpg,False,
ESP_016530_1465_RED-0111.jpg,False,
ESP_016530_1465_RED-0215.jpg,False,
ESP_016530_1465_RED-0271.jpg,False,
ESP_016530_1465_RED-0381.jpg,False,
ESP_016530_1465_RED-0386.jpg,False,
ESP_016570_2050_RED-0074.jpg,False,
ESP_016570_2050_RED-0078.jpg,False,
ESP_016570_2050_RED-0083.jpg,False,
ESP_016570_2050_RED-0087.jpg,False,
ESP_016570_2050_RED-0092.jpg,False,
ESP_016570_2050_RED-0097.jpg,False,
ESP_016570_2050_RED-0098.jpg,False,
ESP_016570_2050_RED-0104.jpg,False,
ESP_016570_2050_RED-0106.jpg,False,
ESP_016570_2050_RED-0108.jpg,False,
ESP_016570_2050_RED-0120.jpg,False,
ESP_016570_2050_RED-0121.jpg,False,
ESP_016570_2050_RED-0129.jpg,True,[  3   2 147 227]
ESP_016570_2050_RED-0133.jpg,False,
ESP_016570_2050_RED-0134.jpg,True,[  3  57 227 226]
ESP_016572_1875_RED-0026.jpg,False,
ESP_016572_1875_RED-0050.jpg,False,
ESP_016572_1875_RED-0053.jpg,False,
ESP_016572_1875_RED-0133.jpg,True,[  8   0 159 227]
ESP_016572_1875_RED-0136.jpg,False,
ESP_016576_2570_RED-0002.jpg,True,[  0   1 166 166]
ESP_016576_2570_RED-0004.jpg,False,
ESP_016576_2570_RED-0005.jpg,True,[  0   1 159 180]
ESP_016576_2570_RED-0015.jpg,False,
ESP_016576_2570_RED-0016.jpg,False,
ESP_016576_2570_RED-0017.jpg,True,[  0  34 160 225]
ESP_016576_2570_RED-0018.jpg,True,[ 42   0 226 175]
ESP_016576_2570_RED-0019.jpg,True,[  1  74 173 227]
ESP_016576_2570_RED-0020.jpg,False,
ESP_016576_2570_RED-0023.jpg,True,[  3  75 156 227]
ESP_016576_2570_RED-0024.jpg,True,[  1  28 176 227]
ESP_016607_2080_RED-0001.jpg,False,
ESP_016607_2080_RED-0002.jpg,True,[  0   1 225 162]
ESP_016607_2080_RED-0003.jpg,True,[  0   4 227 166]
ESP_016607_2080_RED-0012.jpg,False,
ESP_016607_2080_RED-0013.jpg,False,
ESP_016607_2080_RED-0014.jpg,False,
ESP_016607_2080_RED-0022.jpg,False,
ESP_016607_2080_RED-0023.jpg,False,
ESP_016607_2080_RED-0028.jpg,False,
ESP_016607_2080_RED-0029.jpg,False,
ESP_016607_2080_RED-0031.jpg,True,[  0  13 180 226]
ESP_016607_2080_RED-0033.jpg,False,
ESP_016607_2080_RED-0035.jpg,False,
ESP_016607_2080_RED-0047.jpg,False,
ESP_016607_2080_RED-0052.jpg,False,
ESP_016607_2080_RED-0062.jpg,False,
ESP_016607_2080_RED-0064.jpg,False,
ESP_016607_2080_RED-0076.jpg,False,
ESP_016607_2080_RED-0081.jpg,False,
ESP_016607_2080_RED-0099.jpg,False,
ESP_016607_2080_RED-0101.jpg,False,
ESP_016607_2080_RED-0122.jpg,False,
ESP_016607_2080_RED-0131.jpg,False,
ESP_016607_2080_RED-0138.jpg,False,
ESP_016607_2080_RED-0141.jpg,False,
ESP_016607_2080_RED-0160.jpg,False,
ESP_016607_2080_RED-0161.jpg,False,
ESP_016607_2080_RED-0162.jpg,False,
ESP_016607_2080_RED-0171.jpg,False,
ESP_016607_2080_RED-0172.jpg,False,
ESP_016607_2080_RED-0190.jpg,True,[  1   0 171 227]
ESP_016607_2080_RED-0200.jpg,True,[  0   3 201 226]
ESP_016607_2080_RED-0209.jpg,False,
ESP_016607_2080_RED-0248.jpg,False,
ESP_016607_2080_RED-0260.jpg,False,
ESP_016607_2080_RED-0261.jpg,True,[  0   1 155 226]
ESP_016607_2080_RED-0262.jpg,False,
ESP_016607_2080_RED-0264.jpg,False,
ESP_016607_2080_RED-0270.jpg,False,
ESP_016607_2080_RED-0273.jpg,False,
ESP_016613_2570_RED-0001.jpg,False,
ESP_016613_2570_RED-0006.jpg,False,
ESP_016613_2570_RED-0008.jpg,False,
ESP_016613_2570_RED-0010.jpg,True,[  1   0 223 149]
ESP_016613_2570_RED-0013.jpg,False,
ESP_016613_2570_RED-0026.jpg,False,
ESP_016613_2570_RED-0028.jpg,False,
ESP_016613_2570_RED-0031.jpg,False,
ESP_016613_2570_RED-0032.jpg,True,[  2  88 226 227]
ESP_016613_2570_RED-0034.jpg,False,
ESP_016613_2570_RED-0038.jpg,False,
ESP_016613_2570_RED-0039.jpg,False,
ESP_016613_2570_RED-0042.jpg,False,
ESP_016613_2570_RED-0043.jpg,False,
ESP_016613_2570_RED-0044.jpg,True,[  9  92 227 226]
ESP_016613_2570_RED-0046.jpg,True,[  5 112 225 227]
ESP_016624_1925_RED-0018.jpg,False,
ESP_016624_1925_RED-0025.jpg,True,[  1   0 161 227]
ESP_016624_1925_RED-0029.jpg,False,
ESP_016624_1925_RED-0031.jpg,True,[  0   2 170 223]
ESP_016624_1925_RED-0036.jpg,False,
ESP_016624_1925_RED-0045.jpg,True,[ 10   0 196 227]
ESP_016624_1925_RED-0048.jpg,False,
ESP_016624_1925_RED-0063.jpg,False,
ESP_016624_1925_RED-0121.jpg,False,
ESP_016630_1720_RED-0000.jpg,True,[ 10   0 192 187]
ESP_016630_1720_RED-0006.jpg,False,
ESP_016630_1720_RED-0009.jpg,False,
ESP_016630_1720_RED-0010.jpg,False,
ESP_016630_1720_RED-0016.jpg,False,
ESP_016630_1720_RED-0035.jpg,False,
ESP_016630_1720_RED-0039.jpg,False,
ESP_016630_1720_RED-0041.jpg,False,
ESP_016630_1720_RED-0042.jpg,False,
ESP_016630_1720_RED-0044.jpg,False,
ESP_016630_1720_RED-0047.jpg,False,
ESP_016630_1720_RED-0049.jpg,False,
ESP_016630_1720_RED-0054.jpg,False,
ESP_016630_1720_RED-0056.jpg,False,
ESP_016630_1720_RED-0058.jpg,False,
ESP_016630_1720_RED-0059.jpg,False,
ESP_016630_1720_RED-0060.jpg,False,
ESP_016631_2535_RED-0000.jpg,False,
ESP_016631_2535_RED-0002.jpg,False,
ESP_016631_2535_RED-0003.jpg,False,
ESP_016631_2535_RED-0004.jpg,False,
ESP_016631_2535_RED-0006.jpg,False,
ESP_016631_2535_RED-0008.jpg,False,
ESP_016631_2535_RED-0011.jpg,True,[  1   0 177 227]
ESP_016631_2535_RED-0012.jpg,False,
ESP_016631_2535_RED-0013.jpg,False,
ESP_016631_2535_RED-0014.jpg,True,[  0   1 227 188]
ESP_016631_2535_RED-0015.jpg,False,
ESP_016631_2535_RED-0016.jpg,False,
ESP_016631_2535_RED-0017.jpg,False,
ESP_016631_2535_RED-0018.jpg,False,
ESP_016631_2535_RED-0019.jpg,False,
ESP_016631_2535_RED-0020.jpg,False,
ESP_016631_2535_RED-0021.jpg,True,[  0   1 153 226]
ESP_016631_2535_RED-0025.jpg,False,
ESP_016631_2535_RED-0026.jpg,True,[  0   1 141 225]
ESP_016631_2535_RED-0029.jpg,False,
ESP_016631_2535_RED-0030.jpg,False,
ESP_016631_2535_RED-0031.jpg,False,
ESP_016631_2535_RED-0032.jpg,False,
ESP_016631_2535_RED-0034.jpg,False,
ESP_016631_2535_RED-0036.jpg,False,
ESP_016631_2535_RED-0037.jpg,False,
ESP_016631_2535_RED-0038.jpg,False,
ESP_016631_2535_RED-0039.jpg,True,[  1   0 183 227]
ESP_016631_2535_RED-0040.jpg,False,
ESP_016631_2535_RED-0042.jpg,True,[ 97   0 226 227]
ESP_016631_2535_RED-0043.jpg,False,
ESP_016631_2535_RED-0044.jpg,True,[  3   0 176 227]
ESP_016631_2535_RED-0047.jpg,False,
ESP_016631_2535_RED-0048.jpg,False,
ESP_016631_2535_RED-0049.jpg,False,
ESP_016631_2535_RED-0050.jpg,False,
ESP_016631_2535_RED-0051.jpg,False,
ESP_016631_2535_RED-0054.jpg,False,
ESP_016631_2535_RED-0055.jpg,False,
ESP_016631_2535_RED-0056.jpg,False,
ESP_016631_2535_RED-0057.jpg,False,
ESP_016631_2535_RED-0058.jpg,False,
ESP_016631_2535_RED-0059.jpg,False,
ESP_016631_2535_RED-0060.jpg,False,
ESP_016631_2535_RED-0062.jpg,False,
ESP_016631_2535_RED-0063.jpg,True,[  1   0 155 227]
ESP_016631_2535_RED-0064.jpg,False,
ESP_016631_2535_RED-0065.jpg,False,
ESP_016631_2535_RED-0067.jpg,False,
ESP_016631_2535_RED-0068.jpg,False,
ESP_016631_2535_RED-0070.jpg,False,
ESP_016631_2535_RED-0071.jpg,False,
ESP_016631_2535_RED-0072.jpg,False,
ESP_016631_2535_RED-0073.jpg,False,
ESP_016631_2535_RED-0075.jpg,True,[  0   1 130 226]
ESP_016631_2535_RED-0077.jpg,False,
ESP_016631_2535_RED-0078.jpg,False,
ESP_016631_2535_RED-0079.jpg,True,[ 55   1 225 227]
ESP_016631_2535_RED-0080.jpg,False,
ESP_016631_2535_RED-0081.jpg,False,
ESP_016631_2535_RED-0082.jpg,False,
ESP_016631_2535_RED-0084.jpg,False,
ESP_016631_2535_RED-0086.jpg,False,
ESP_016631_2535_RED-0087.jpg,True,[ 78   1 227 226]
ESP_016631_2535_RED-0088.jpg,False,
ESP_016631_2535_RED-0089.jpg,False,
ESP_016631_2535_RED-0090.jpg,False,
ESP_016631_2535_RED-0092.jpg,False,
ESP_016631_2535_RED-0094.jpg,True,[  0   1 143 225]
ESP_016631_2535_RED-0095.jpg,False,
ESP_016631_2535_RED-0096.jpg,False,
ESP_016631_2535_RED-0097.jpg,False,
ESP_016631_2535_RED-0098.jpg,False,
ESP_016631_2535_RED-0099.jpg,False,
ESP_016631_2535_RED-0100.jpg,False,
ESP_016631_2535_RED-0102.jpg,False,
ESP_016631_2535_RED-0103.jpg,False,
ESP_016631_2535_RED-0104.jpg,False,
ESP_016631_2535_RED-0105.jpg,False,
ESP_016631_2535_RED-0106.jpg,False,
ESP_016631_2535_RED-0107.jpg,False,
ESP_016631_2535_RED-0109.jpg,False,
ESP_016631_2535_RED-0110.jpg,False,
ESP_016631_2535_RED-0111.jpg,False,
ESP_016631_2535_RED-0112.jpg,False,
ESP_016631_2535_RED-0113.jpg,False,
ESP_016631_2535_RED-0115.jpg,True,[ 55   2 227 226]
ESP_016631_2535_RED-0116.jpg,False,
ESP_016631_2535_RED-0118.jpg,False,
ESP_016631_2535_RED-0119.jpg,False,
ESP_016631_2535_RED-0122.jpg,False,
ESP_016631_2535_RED-0123.jpg,True,[  2   0 134 227]
ESP_016631_2535_RED-0124.jpg,False,
ESP_016631_2535_RED-0126.jpg,False,
ESP_016631_2535_RED-0130.jpg,False,
ESP_016631_2535_RED-0131.jpg,False,
ESP_016631_2535_RED-0132.jpg,False,
ESP_016631_2535_RED-0133.jpg,True,[ 44   0 221 225]
ESP_016631_2535_RED-0138.jpg,False,
ESP_016631_2535_RED-0140.jpg,False,
ESP_016631_2535_RED-0141.jpg,False,
ESP_016631_2535_RED-0146.jpg,False,
ESP_016631_2535_RED-0147.jpg,False,
ESP_016631_2535_RED-0148.jpg,False,
ESP_016631_2535_RED-0149.jpg,False,
ESP_016631_2535_RED-0151.jpg,True,[103   0 225 227]
ESP_016631_2535_RED-0152.jpg,False,
ESP_016631_2535_RED-0153.jpg,False,
ESP_016631_2535_RED-0154.jpg,False,
ESP_016631_2535_RED-0155.jpg,False,
ESP_016631_2535_RED-0157.jpg,False,
ESP_016631_2535_RED-0158.jpg,False,
ESP_016631_2535_RED-0159.jpg,False,
ESP_016631_2535_RED-0161.jpg,False,
ESP_016631_2535_RED-0163.jpg,False,
ESP_016631_2535_RED-0164.jpg,True,[ 73   3 227 226]
ESP_016631_2535_RED-0166.jpg,False,
ESP_016631_2535_RED-0167.jpg,True,[ 72   0 226 227]
ESP_016631_2535_RED-0168.jpg,False,
ESP_016631_2535_RED-0169.jpg,True,[  1  87 225 227]
ESP_016631_2535_RED-0170.jpg,True,[ 56   0 224 227]
ESP_016631_2535_RED-0171.jpg,False,
ESP_016631_2535_RED-0172.jpg,False,
ESP_016631_2535_RED-0174.jpg,True,[ 93   0 226 227]
ESP_016631_2535_RED-0175.jpg,False,
ESP_016631_2535_RED-0176.jpg,True,[  3  55 224 227]
ESP_016648_1665_RED-0354.jpg,False,
ESP_016659_1710_RED-0003.jpg,False,
ESP_016659_1710_RED-0062.jpg,False,
ESP_016659_1710_RED-0248.jpg,False,
ESP_016659_1710_RED-0251.jpg,True,[  1   0 146 227]
ESP_016683_2535_RED-0001.jpg,False,
ESP_016683_2535_RED-0002.jpg,False,
ESP_016683_2535_RED-0003.jpg,False,
ESP_016683_2535_RED-0007.jpg,False,
ESP_016683_2535_RED-0008.jpg,False,
ESP_016683_2535_RED-0009.jpg,False,
ESP_016683_2535_RED-0011.jpg,False,
ESP_016683_2535_RED-0014.jpg,False,
ESP_016683_2535_RED-0016.jpg,False,
ESP_016683_2535_RED-0017.jpg,False,
ESP_016683_2535_RED-0019.jpg,False,
ESP_016683_2535_RED-0020.jpg,False,
ESP_016683_2535_RED-0021.jpg,False,
ESP_016683_2535_RED-0024.jpg,False,
ESP_016683_2535_RED-0025.jpg,False,
ESP_016683_2535_RED-0026.jpg,False,
ESP_016683_2535_RED-0027.jpg,False,
ESP_016683_2535_RED-0029.jpg,False,
ESP_016683_2535_RED-0030.jpg,True,[ 66   0 225 227]
ESP_016683_2535_RED-0031.jpg,False,
ESP_016683_2535_RED-0032.jpg,True,[ 32   0 226 227]
ESP_016683_2535_RED-0033.jpg,False,
ESP_016683_2535_RED-0034.jpg,False,
ESP_016683_2535_RED-0035.jpg,False,
ESP_016683_2535_RED-0036.jpg,False,
ESP_016683_2535_RED-0037.jpg,True,[  1   0 158 227]
ESP_016683_2535_RED-0038.jpg,False,
ESP_016683_2535_RED-0039.jpg,False,
ESP_016683_2535_RED-0042.jpg,False,
ESP_016683_2535_RED-0043.jpg,False,
ESP_016683_2535_RED-0046.jpg,False,
ESP_016683_2535_RED-0047.jpg,False,
ESP_016683_2535_RED-0048.jpg,False,
ESP_016683_2535_RED-0049.jpg,False,
ESP_016683_2535_RED-0050.jpg,False,
ESP_016683_2535_RED-0052.jpg,False,
ESP_016683_2535_RED-0053.jpg,False,
ESP_016683_2535_RED-0054.jpg,False,
ESP_016683_2535_RED-0055.jpg,False,
ESP_016683_2535_RED-0056.jpg,True,[  0   1 170 225]
ESP_016683_2535_RED-0057.jpg,True,[ 29   0 224 227]
ESP_016683_2535_RED-0058.jpg,False,
ESP_016683_2535_RED-0059.jpg,False,
ESP_016683_2535_RED-0060.jpg,True,[  3   0 164 227]
ESP_016683_2535_RED-0063.jpg,False,
ESP_016683_2535_RED-0064.jpg,False,
ESP_016683_2535_RED-0066.jpg,False,
ESP_016683_2535_RED-0067.jpg,True,[ 55   1 227 226]
ESP_016683_2535_RED-0068.jpg,False,
ESP_016683_2535_RED-0069.jpg,False,
ESP_016683_2535_RED-0070.jpg,False,
ESP_016683_2535_RED-0071.jpg,False,
ESP_016683_2535_RED-0073.jpg,False,
ESP_016683_2535_RED-0074.jpg,False,
ESP_016683_2535_RED-0075.jpg,False,
ESP_016683_2535_RED-0076.jpg,False,
ESP_016683_2535_RED-0077.jpg,False,
ESP_016683_2535_RED-0078.jpg,False,
ESP_016683_2535_RED-0079.jpg,False,
ESP_016683_2535_RED-0082.jpg,True,[  0  74 227 225]
ESP_016683_2535_RED-0083.jpg,True,[  0  63 227 225]
ESP_016715_2025_RED-0038.jpg,False,
ESP_016715_2025_RED-0042.jpg,False,
ESP_016715_2025_RED-0060.jpg,False,
ESP_016715_2025_RED-0077.jpg,False,
ESP_016715_2025_RED-0082.jpg,False,
ESP_016715_2025_RED-0085.jpg,False,
ESP_016715_2025_RED-0095.jpg,True,[ 50  13 227 225]
ESP_016715_2025_RED-0100.jpg,False,
ESP_016715_2025_RED-0103.jpg,True,[ 42   3 227 218]
ESP_016715_2025_RED-0105.jpg,True,[ 40   2 227 226]
ESP_016715_2025_RED-0136.jpg,False,
ESP_016715_2025_RED-0137.jpg,False,
ESP_016715_2025_RED-0140.jpg,False,
ESP_016715_2025_RED-0161.jpg,False,
ESP_016715_2025_RED-0233.jpg,False,
ESP_016730_1960_RED-0001.jpg,False,
ESP_016730_1960_RED-0031.jpg,True,[  1   0 149 227]
ESP_016730_1960_RED-0141.jpg,False,
ESP_016730_1960_RED-0184.jpg,False,
ESP_016730_1960_RED-0216.jpg,False,
ESP_016730_1960_RED-0345.jpg,False,
ESP_016730_1960_RED-0446.jpg,False,
ESP_016730_1960_RED-0448.jpg,False,
ESP_016730_1960_RED-0461.jpg,False,
ESP_016730_1960_RED-0462.jpg,False,
ESP_016730_1960_RED-0468.jpg,False,
ESP_016730_1960_RED-0481.jpg,True,[ 70   0 225 227]
ESP_016730_1960_RED-0503.jpg,False,
ESP_016730_1960_RED-0509.jpg,False,
ESP_016730_1960_RED-0519.jpg,False,
ESP_016730_1960_RED-0584.jpg,False,
ESP_016730_1960_RED-0613.jpg,False,
ESP_016758_2570_RED-0002.jpg,False,
ESP_016758_2570_RED-0006.jpg,False,
ESP_016758_2570_RED-0008.jpg,False,
ESP_016758_2570_RED-0010.jpg,False,
ESP_016758_2570_RED-0011.jpg,False,
ESP_016758_2570_RED-0012.jpg,False,
ESP_016758_2570_RED-0014.jpg,True,[  1   0 225 143]
ESP_016758_2570_RED-0017.jpg,False,
ESP_016758_2570_RED-0019.jpg,False,
ESP_016758_2570_RED-0024.jpg,True,[  3  61 227 199]
ESP_016758_2570_RED-0026.jpg,False,
ESP_016758_2570_RED-0027.jpg,False,
ESP_016758_2570_RED-0031.jpg,False,
ESP_016758_2570_RED-0032.jpg,False,
ESP_016758_2570_RED-0035.jpg,False,
ESP_016758_2570_RED-0036.jpg,True,[  1  85 226 227]
ESP_016758_2570_RED-0037.jpg,False,
ESP_016758_2570_RED-0038.jpg,True,[  4  88 226 227]
ESP_016758_2570_RED-0040.jpg,False,
ESP_016758_2570_RED-0041.jpg,True,[  0   4 103 224]
ESP_016758_2570_RED-0042.jpg,True,[  1   7 150 227]
ESP_016773_2010_RED-0041.jpg,False,
ESP_016773_2010_RED-0045.jpg,False,
ESP_016773_2010_RED-0069.jpg,True,[  6   0 197 227]
ESP_016773_2010_RED-0154.jpg,False,
ESP_016781_2055_RED-0006.jpg,True,[  0   2 227 181]
ESP_016781_2055_RED-0007.jpg,False,
ESP_016781_2055_RED-0010.jpg,False,
ESP_016781_2055_RED-0015.jpg,False,
ESP_016781_2055_RED-0023.jpg,False,
ESP_016781_2055_RED-0024.jpg,False,
ESP_016781_2055_RED-0032.jpg,False,
ESP_016781_2055_RED-0040.jpg,False,
ESP_016781_2055_RED-0043.jpg,True,[  0   4 150 226]
ESP_016781_2055_RED-0052.jpg,False,
ESP_016781_2055_RED-0055.jpg,True,[  9   0 156 227]
ESP_016781_2055_RED-0059.jpg,False,
ESP_016781_2055_RED-0063.jpg,True,[  1   0 159 227]
ESP_016781_2055_RED-0065.jpg,False,
ESP_016781_2055_RED-0066.jpg,False,
ESP_016781_2055_RED-0069.jpg,True,[  0   3 155 226]
ESP_016781_2055_RED-0072.jpg,False,
ESP_016781_2055_RED-0077.jpg,False,
ESP_016781_2055_RED-0087.jpg,False,
ESP_016781_2055_RED-0088.jpg,False,
ESP_016781_2055_RED-0091.jpg,False,
ESP_016781_2055_RED-0093.jpg,False,
ESP_016781_2055_RED-0098.jpg,False,
ESP_016781_2055_RED-0099.jpg,False,
ESP_016781_2055_RED-0104.jpg,False,
ESP_016781_2055_RED-0121.jpg,False,
ESP_016781_2055_RED-0128.jpg,False,
ESP_016781_2055_RED-0133.jpg,True,[  1   0 123 227]
ESP_016781_2055_RED-0136.jpg,False,
ESP_016781_2055_RED-0146.jpg,False,
ESP_016781_2055_RED-0151.jpg,False,
ESP_016781_2055_RED-0154.jpg,False,
ESP_016781_2055_RED-0175.jpg,False,
ESP_016781_2055_RED-0178.jpg,False,
ESP_016781_2055_RED-0188.jpg,True,[  3   1 145 227]
ESP_016781_2055_RED-0201.jpg,False,
ESP_016781_2055_RED-0222.jpg,False,
ESP_016781_2055_RED-0225.jpg,False,
ESP_016781_2055_RED-0229.jpg,False,
ESP_016781_2055_RED-0234.jpg,False,
ESP_016781_2055_RED-0235.jpg,False,
ESP_016781_2055_RED-0238.jpg,False,
ESP_016781_2055_RED-0239.jpg,False,
ESP_016781_2055_RED-0241.jpg,False,
ESP_016781_2055_RED-0243.jpg,False,
ESP_016781_2055_RED-0245.jpg,False,
ESP_016781_2055_RED-0246.jpg,False,
ESP_016781_2055_RED-0258.jpg,True,[ 13  44 226 227]
ESP_016781_2055_RED-0259.jpg,True,[  1  99 227 226]
ESP_016781_2055_RED-0264.jpg,True,[  0  36 227 226]
ESP_016802_2190_RED-0077.jpg,False,
ESP_016802_2190_RED-0084.jpg,False,
ESP_016802_2190_RED-0087.jpg,True,[ 72   0 226 225]
ESP_016802_2190_RED-0097.jpg,False,
ESP_016802_2190_RED-0131.jpg,False,
ESP_016802_2190_RED-0142.jpg,False,
ESP_016802_2190_RED-0163.jpg,False,
ESP_016802_2190_RED-0271.jpg,False,
ESP_016802_2190_RED-0320.jpg,False,
ESP_016802_2190_RED-0374.jpg,False,
ESP_016802_2190_RED-0410.jpg,False,
ESP_016802_2190_RED-0542.jpg,True,[  0   1 225 224]
ESP_016802_2190_RED-0543.jpg,False,
ESP_016802_2190_RED-0545.jpg,False,
ESP_016802_2190_RED-0546.jpg,True,[ 19   0 226 227]
ESP_017001_1805_RED-0172.jpg,True,[ 40   1 227 226]
ESP_017001_1805_RED-0197.jpg,True,[ 59   0 224 227]
ESP_017001_1805_RED-0204.jpg,False,
ESP_017001_1805_RED-0399.jpg,False,
ESP_017038_1790_RED-0058.jpg,False,
ESP_017038_1790_RED-0066.jpg,True,[ 57  21 223 225]
ESP_017038_1790_RED-0074.jpg,False,
ESP_017038_1790_RED-0084.jpg,True,[ 25   0 226 225]
ESP_017038_1790_RED-0089.jpg,False,
ESP_017038_1790_RED-0097.jpg,True,[  0  16 227 225]
ESP_017038_1790_RED-0123.jpg,False,
ESP_017038_1790_RED-0130.jpg,False,
ESP_017038_1790_RED-0154.jpg,False,
ESP_017038_1790_RED-0155.jpg,False,
ESP_017395_1700_RED-0007.jpg,False,
ESP_017395_1700_RED-0014.jpg,False,
ESP_017395_1700_RED-0039.jpg,False,
ESP_017395_1700_RED-0049.jpg,False,
ESP_017395_1700_RED-0051.jpg,False,
ESP_017395_1700_RED-0077.jpg,False,
ESP_017395_1700_RED-0098.jpg,False,
ESP_017541_1600_RED-0000.jpg,True,[  0   1 227 187]
ESP_017541_1600_RED-0023.jpg,False,
ESP_017541_1600_RED-0078.jpg,False,
ESP_017541_1600_RED-0207.jpg,False,
ESP_017770_1990_RED-0058.jpg,True,[  1   0 226 192]
ESP_017770_1990_RED-0391.jpg,False,
ESP_017770_1990_RED-0460.jpg,False,
ESP_018192_1985_RED-0385.jpg,False,
ESP_018299_2245_RED-0193.jpg,False,
ESP_018299_2245_RED-0412.jpg,False,
ESP_018321_2565_RED-0017.jpg,True,[  3   0 189 161]
ESP_018321_2565_RED-0023.jpg,False,
ESP_018321_2565_RED-0024.jpg,False,
ESP_018321_2565_RED-0030.jpg,False,
ESP_018321_2565_RED-0034.jpg,True,[  1   1 157 227]
ESP_018321_2565_RED-0053.jpg,False,
ESP_018321_2565_RED-0066.jpg,False,
ESP_018321_2565_RED-0068.jpg,False,
ESP_018334_2600_RED-0004.jpg,True,[  1  88 225 227]
ESP_018416_2060_RED-0035.jpg,False,
ESP_018416_2060_RED-0043.jpg,False,
ESP_018416_2060_RED-0078.jpg,False,
ESP_018416_2060_RED-0082.jpg,False,
ESP_018416_2060_RED-0083.jpg,False,
ESP_018416_2060_RED-0087.jpg,False,
ESP_018416_2060_RED-0101.jpg,False,
ESP_018416_2060_RED-0114.jpg,False,
ESP_018416_2060_RED-0132.jpg,False,
ESP_018416_2060_RED-0137.jpg,False,
ESP_018416_2060_RED-0193.jpg,False,
ESP_018416_2060_RED-0214.jpg,True,[ 78   1 227 225]
ESP_018416_2060_RED-0224.jpg,False,
ESP_018416_2060_RED-0226.jpg,False,
ESP_018416_2060_RED-0238.jpg,False,
ESP_018416_2060_RED-0243.jpg,True,[ 52   0 221 224]
ESP_018416_2060_RED-0250.jpg,False,
ESP_018416_2060_RED-0267.jpg,True,[  1   0 151 227]
ESP_018416_2060_RED-0278.jpg,False,
ESP_018416_2060_RED-0281.jpg,False,
ESP_018416_2060_RED-0285.jpg,False,
ESP_018416_2060_RED-0286.jpg,False,
ESP_018416_2060_RED-0293.jpg,False,
ESP_018416_2060_RED-0296.jpg,True,[  3  90 223 227]
ESP_018493_1925_RED-0001.jpg,True,[  1   1 227 195]
ESP_018493_1925_RED-0182.jpg,False,
ESP_018493_1925_RED-0199.jpg,False,
ESP_018493_1925_RED-0228.jpg,True,[  1   0 151 227]
ESP_018493_1925_RED-0247.jpg,False,
ESP_018493_1925_RED-0290.jpg,False,
ESP_018493_1925_RED-0338.jpg,False,
ESP_018586_1735_RED-0020.jpg,False,
ESP_018586_1735_RED-0048.jpg,False,
ESP_018586_1735_RED-0077.jpg,False,
ESP_018589_1885_RED-0106.jpg,False,
ESP_018589_1885_RED-0194.jpg,False,
ESP_018589_1885_RED-0205.jpg,False,
ESP_018720_2655_RED-0017.jpg,False,
ESP_018720_2655_RED-0023.jpg,False,
ESP_018720_2655_RED-0027.jpg,False,
ESP_018720_2655_RED-0031.jpg,True,[  1   0 183 227]
ESP_018720_2655_RED-0035.jpg,False,
ESP_018720_2655_RED-0038.jpg,False,
ESP_018720_2655_RED-0041.jpg,False,
ESP_018720_2655_RED-0042.jpg,True,[ 16   1 148 227]
ESP_018720_2655_RED-0043.jpg,False,
ESP_018720_2655_RED-0045.jpg,False,
ESP_018720_2655_RED-0046.jpg,False,
ESP_018720_2655_RED-0051.jpg,False,
ESP_018720_2655_RED-0052.jpg,False,
ESP_018720_2655_RED-0056.jpg,False,
ESP_018720_2655_RED-0060.jpg,False,
ESP_018720_2655_RED-0064.jpg,True,[  0  28 151 225]
ESP_018720_2655_RED-0066.jpg,False,
ESP_018720_2655_RED-0068.jpg,False,
ESP_018720_2655_RED-0069.jpg,False,
ESP_018720_2655_RED-0070.jpg,False,
ESP_018720_2655_RED-0071.jpg,False,
ESP_018720_2655_RED-0075.jpg,False,
ESP_018720_2655_RED-0076.jpg,False,
ESP_018720_2655_RED-0078.jpg,False,
ESP_018720_2655_RED-0081.jpg,False,
ESP_018720_2655_RED-0083.jpg,False,
ESP_018720_2655_RED-0084.jpg,False,
ESP_018720_2655_RED-0089.jpg,False,
ESP_018720_2655_RED-0091.jpg,False,
ESP_018720_2655_RED-0092.jpg,True,[  4   0 146 227]
ESP_018720_2655_RED-0093.jpg,False,
ESP_018720_2655_RED-0096.jpg,False,
ESP_018720_2655_RED-0101.jpg,True,[  0   8 139 216]
ESP_018720_2655_RED-0102.jpg,False,
ESP_018720_2655_RED-0105.jpg,False,
ESP_018720_2655_RED-0108.jpg,False,
ESP_018720_2655_RED-0110.jpg,False,
ESP_018720_2655_RED-0114.jpg,False,
ESP_018720_2655_RED-0118.jpg,False,
ESP_018720_2655_RED-0119.jpg,False,
ESP_018720_2655_RED-0120.jpg,False,
ESP_018720_2655_RED-0124.jpg,False,
ESP_018720_2655_RED-0126.jpg,False,
ESP_018720_2655_RED-0127.jpg,False,
ESP_018720_2655_RED-0132.jpg,False,
ESP_018720_2655_RED-0136.jpg,False,
ESP_018720_2655_RED-0140.jpg,True,[  1  31 224 227]
ESP_018720_2655_RED-0145.jpg,True,[  0  57 227 214]
ESP_018720_2655_RED-0147.jpg,False,
ESP_018720_2655_RED-0148.jpg,True,[ 16  82 226 227]
ESP_018720_2655_RED-0155.jpg,True,[  3  67 226 227]
ESP_018720_2655_RED-0157.jpg,True,[  0  57 227 219]
ESP_018720_2655_RED-0159.jpg,False,
ESP_018720_2655_RED-0160.jpg,True,[  0  67 227 224]
ESP_018720_2655_RED-0162.jpg,True,[  0  60 227 213]
ESP_018731_1770_RED-0017.jpg,False,
ESP_018731_1770_RED-0037.jpg,False,
ESP_018731_1770_RED-0049.jpg,False,
ESP_018731_1770_RED-0052.jpg,False,
ESP_018731_1770_RED-0066.jpg,False,
ESP_018731_1770_RED-0080.jpg,False,
ESP_018735_2815_RED-0042.jpg,False,
ESP_018735_2815_RED-0048.jpg,True,[ 26 124 207 227]
ESP_018735_2815_RED-0070.jpg,True,[ 22  55 171 223]
ESP_018784_2050_RED-0117.jpg,False,
ESP_018784_2050_RED-0132.jpg,False,
ESP_018784_2050_RED-0141.jpg,False,
ESP_018784_2050_RED-0147.jpg,False,
ESP_018784_2050_RED-0167.jpg,False,
ESP_018784_2050_RED-0169.jpg,False,
ESP_018784_2050_RED-0182.jpg,False,
ESP_018784_2050_RED-0213.jpg,False,
ESP_018815_2570_RED-0000.jpg,False,
ESP_018815_2570_RED-0003.jpg,False,
ESP_018815_2570_RED-0004.jpg,False,
ESP_018815_2570_RED-0009.jpg,False,
ESP_018815_2570_RED-0010.jpg,False,
ESP_018815_2570_RED-0012.jpg,True,[  4  69 226 227]
ESP_018840_1865_RED-0003.jpg,False,
ESP_018840_1865_RED-0004.jpg,False,
ESP_018840_1865_RED-0009.jpg,False,
ESP_018840_1865_RED-0010.jpg,False,
ESP_018840_1865_RED-0013.jpg,False,
ESP_018840_1865_RED-0058.jpg,False,
ESP_018840_1865_RED-0059.jpg,True,[  2  34 226 227]
ESP_018929_1830_RED-0036.jpg,False,
ESP_018929_1830_RED-0088.jpg,False,
ESP_018929_1830_RED-0151.jpg,False,
ESP_018929_1830_RED-0166.jpg,False,
ESP_018931_1905_RED-0033.jpg,False,
ESP_018931_1905_RED-0057.jpg,False,
ESP_018931_1905_RED-0064.jpg,True,[ 64   7 225 227]
ESP_018931_1905_RED-0135.jpg,False,
ESP_019011_2245_RED-0552.jpg,False,
ESP_019133_1975_RED-0002.jpg,True,[  1   0 226 190]
ESP_019340_1875_RED-0044.jpg,False,
ESP_019340_1875_RED-0049.jpg,False,
ESP_019340_1875_RED-0106.jpg,False,
ESP_019340_1875_RED-0119.jpg,False,
ESP_019559_1390_RED-0466.jpg,True,[ 67   0 226 227]
ESP_019559_1390_RED-0512.jpg,False,
ESP_019559_1390_RED-0576.jpg,False,
ESP_019559_1390_RED-0578.jpg,False,
ESP_019559_1390_RED-0583.jpg,False,
ESP_019559_1390_RED-0608.jpg,False,
ESP_019559_1390_RED-0645.jpg,False,
ESP_019559_1390_RED-0698.jpg,False,
ESP_019559_1390_RED-0699.jpg,False,
ESP_019559_1390_RED-0701.jpg,False,
ESP_019559_1390_RED-0727.jpg,False,
ESP_019559_1390_RED-0734.jpg,True,[  0   1 135 226]
ESP_019559_1390_RED-0804.jpg,True,[  2   0 189 227]
ESP_019559_1390_RED-0951.jpg,False,
ESP_019697_2020_RED-0003.jpg,False,
ESP_019697_2020_RED-0017.jpg,False,
ESP_019697_2020_RED-0021.jpg,False,
ESP_019697_2020_RED-0024.jpg,False,
ESP_019697_2020_RED-0025.jpg,False,
ESP_019697_2020_RED-0032.jpg,False,
ESP_019697_2020_RED-0033.jpg,False,
ESP_019697_2020_RED-0034.jpg,False,
ESP_019697_2020_RED-0035.jpg,False,
ESP_019697_2020_RED-0040.jpg,False,
ESP_019697_2020_RED-0046.jpg,False,
ESP_019697_2020_RED-0051.jpg,False,
ESP_019697_2020_RED-0053.jpg,False,
ESP_019697_2020_RED-0055.jpg,True,[  3   0 144 227]
ESP_019697_2020_RED-0066.jpg,False,
ESP_019697_2020_RED-0067.jpg,True,[  2   2 165 227]
ESP_019697_2020_RED-0072.jpg,False,
ESP_019697_2020_RED-0083.jpg,False,
ESP_019697_2020_RED-0087.jpg,False,
ESP_019697_2020_RED-0088.jpg,False,
ESP_019697_2020_RED-0093.jpg,False,
ESP_019697_2020_RED-0097.jpg,False,
ESP_019697_2020_RED-0101.jpg,False,
ESP_019781_1945_RED-0040.jpg,True,[  2   0 195 227]
ESP_019781_1945_RED-0045.jpg,False,
ESP_019781_1945_RED-0046.jpg,False,
ESP_019781_1945_RED-0060.jpg,False,
ESP_019781_1945_RED-0061.jpg,False,
ESP_019781_1945_RED-0070.jpg,False,
ESP_019781_1945_RED-0085.jpg,False,
ESP_019781_1945_RED-0104.jpg,False,
ESP_020133_1720_RED-0012.jpg,False,
ESP_020133_1720_RED-0041.jpg,False,
ESP_020133_1720_RED-0054.jpg,False,
ESP_020421_1810_RED-0013.jpg,False,
ESP_020421_1810_RED-0014.jpg,False,
ESP_020421_1810_RED-0023.jpg,True,[  2   0 226 201]
ESP_020421_1810_RED-0027.jpg,False,
ESP_020421_1810_RED-0055.jpg,True,[  1   0 148 227]
ESP_020421_1810_RED-0077.jpg,False,
ESP_020421_1810_RED-0079.jpg,True,[  1   1 185 227]
ESP_020421_1810_RED-0115.jpg,False,
ESP_020421_1810_RED-0130.jpg,False,
ESP_020606_1445_RED-0041.jpg,True,[  0   1 227 178]
ESP_020606_1445_RED-0064.jpg,False,
ESP_020606_1445_RED-0065.jpg,False,
ESP_020606_1445_RED-0066.jpg,False,
ESP_020606_1445_RED-0103.jpg,False,
ESP_020606_1445_RED-0129.jpg,False,
ESP_020606_1445_RED-0143.jpg,True,[ 33   0 225 227]
ESP_020606_1445_RED-0169.jpg,False,
ESP_020606_1445_RED-0209.jpg,False,
ESP_020606_1445_RED-0224.jpg,False,
ESP_020606_1445_RED-0239.jpg,False,
ESP_020606_1445_RED-0273.jpg,False,
ESP_020606_1445_RED-0315.jpg,False,
ESP_020606_1445_RED-0321.jpg,False,
ESP_020606_1445_RED-0362.jpg,False,
ESP_020606_1445_RED-0380.jpg,False,
ESP_020606_1445_RED-0408.jpg,False,
ESP_020606_1445_RED-0462.jpg,False,
ESP_020606_1445_RED-0476.jpg,True,[  0   1 157 226]
ESP_020606_1445_RED-0510.jpg,False,
ESP_020606_1445_RED-0519.jpg,False,
ESP_020606_1445_RED-0538.jpg,False,
ESP_020606_1445_RED-0541.jpg,False,
ESP_020606_1445_RED-0555.jpg,False,
ESP_020606_1445_RED-0558.jpg,False,
ESP_020606_1445_RED-0575.jpg,True,[ 43   0 226 227]
ESP_020606_1445_RED-0629.jpg,False,
ESP_020606_1445_RED-0644.jpg,False,
ESP_020606_1445_RED-0664.jpg,False,
ESP_020606_1445_RED-0679.jpg,False,
ESP_020606_1445_RED-0692.jpg,False,
ESP_020606_1445_RED-0848.jpg,False,
ESP_020606_1445_RED-0856.jpg,False,
ESP_020606_1445_RED-0863.jpg,True,[  1   0 182 227]
ESP_021615_1505_RED-0111.jpg,False,
ESP_021615_1505_RED-0122.jpg,True,[  2   0 141 227]
ESP_022893_1860_RED-0121.jpg,False,
ESP_022893_1860_RED-0370.jpg,False,
ESP_023020_1410_RED-0176.jpg,False,
ESP_023921_2235_RED-0130.jpg,True,[  1   0 174 227]
ESP_023921_2235_RED-0135.jpg,False,
ESP_024389_1795_RED-0282.jpg,False,
ESP_024646_2570_RED-0001.jpg,True,[ 66   3 227 162]
ESP_024646_2570_RED-0002.jpg,False,
ESP_024646_2570_RED-0003.jpg,False,
ESP_024646_2570_RED-0011.jpg,True,[ 51   1 227 182]
ESP_024646_2570_RED-0013.jpg,True,[ 60   0 226 195]
ESP_024646_2570_RED-0016.jpg,False,
ESP_024646_2570_RED-0017.jpg,False,
ESP_024646_2570_RED-0018.jpg,False,
ESP_024646_2570_RED-0019.jpg,False,
ESP_024646_2570_RED-0020.jpg,False,
ESP_024646_2570_RED-0027.jpg,False,
ESP_024646_2570_RED-0029.jpg,True,[  0  65 156 226]
ESP_024646_2570_RED-0035.jpg,False,
ESP_024646_2570_RED-0036.jpg,False,
ESP_024646_2570_RED-0037.jpg,False,
ESP_025151_1570_RED-0360.jpg,False,
ESP_025163_1890_RED-0004.jpg,False,
ESP_025163_1890_RED-0082.jpg,False,
ESP_025163_1890_RED-0093.jpg,False,
ESP_025163_1890_RED-0094.jpg,False,
ESP_025163_1890_RED-0102.jpg,False,
ESP_025163_1890_RED-0103.jpg,False,
ESP_025163_1890_RED-0107.jpg,False,
ESP_025758_1475_RED-0257.jpg,False,
ESP_025831_2260_RED-0234.jpg,False,
ESP_026225_1710_RED-0056.jpg,False,
ESP_026225_1710_RED-0057.jpg,False,
ESP_026247_1650_RED-0170.jpg,False,
ESP_026247_1650_RED-0270.jpg,False,
ESP_026247_1650_RED-0330.jpg,True,[  0  67 227 224]
ESP_026334_1755_RED-0032.jpg,False,
ESP_026334_1755_RED-0050.jpg,False,
ESP_026334_1755_RED-0079.jpg,True,[  3   2 187 227]
ESP_026334_1755_RED-0080.jpg,True,[ 30   1 227 226]
ESP_026472_1410_RED-0015.jpg,True,[  0   1 227 205]
ESP_026472_1410_RED-0037.jpg,False,
ESP_026472_1410_RED-0039.jpg,False,
ESP_026472_1410_RED-0070.jpg,False,
ESP_026472_1410_RED-0080.jpg,False,
ESP_026472_1410_RED-0089.jpg,False,
ESP_026472_1410_RED-0091.jpg,False,
ESP_026472_1410_RED-0107.jpg,False,
ESP_026472_1410_RED-0118.jpg,False,
ESP_026472_1410_RED-0130.jpg,False,
ESP_026472_1410_RED-0131.jpg,False,
ESP_026472_1410_RED-0141.jpg,False,
ESP_026472_1410_RED-0143.jpg,False,
ESP_026472_1410_RED-0147.jpg,False,
ESP_026472_1410_RED-0149.jpg,False,
ESP_026472_1410_RED-0155.jpg,False,
ESP_026472_1410_RED-0162.jpg,True,[  0   4 170 210]
ESP_026472_1410_RED-0181.jpg,False,
ESP_026472_1410_RED-0191.jpg,False,
ESP_026472_1410_RED-0220.jpg,False,
ESP_026472_1410_RED-0223.jpg,False,
ESP_026472_1410_RED-0238.jpg,False,
ESP_026472_1410_RED-0243.jpg,False,
ESP_026472_1410_RED-0248.jpg,False,
ESP_026472_1410_RED-0253.jpg,True,[ 35   0 226 227]
ESP_026472_1410_RED-0254.jpg,False,
ESP_026472_1410_RED-0257.jpg,False,
ESP_026472_1410_RED-0259.jpg,False,
ESP_026472_1410_RED-0261.jpg,False,
ESP_026472_1410_RED-0268.jpg,False,
ESP_026472_1410_RED-0270.jpg,False,
ESP_026472_1410_RED-0276.jpg,False,
ESP_026472_1410_RED-0281.jpg,False,
ESP_026472_1410_RED-0282.jpg,False,
ESP_026472_1410_RED-0285.jpg,False,
ESP_026472_1410_RED-0287.jpg,False,
ESP_026472_1410_RED-0289.jpg,False,
ESP_026472_1410_RED-0290.jpg,False,
ESP_026472_1410_RED-0291.jpg,False,
ESP_026472_1410_RED-0292.jpg,False,
ESP_026472_1410_RED-0294.jpg,False,
ESP_026472_1410_RED-0300.jpg,False,
ESP_026472_1410_RED-0301.jpg,False,
ESP_026472_1410_RED-0306.jpg,True,[ 13   0 142 227]
ESP_026472_1410_RED-0312.jpg,False,
ESP_026472_1410_RED-0315.jpg,True,[ 54  24 227 210]
ESP_026472_1410_RED-0316.jpg,False,
ESP_026472_1410_RED-0318.jpg,False,
ESP_026472_1410_RED-0324.jpg,False,
ESP_026472_1410_RED-0328.jpg,False,
ESP_026472_1410_RED-0330.jpg,False,
ESP_026472_1410_RED-0332.jpg,False,
ESP_026472_1410_RED-0337.jpg,False,
ESP_026472_1410_RED-0338.jpg,True,[ 37   6 227 202]
ESP_026472_1410_RED-0361.jpg,False,
ESP_026472_1410_RED-0364.jpg,False,
ESP_026472_1410_RED-0365.jpg,False,
ESP_026472_1410_RED-0366.jpg,False,
ESP_026472_1410_RED-0372.jpg,False,
ESP_026472_1410_RED-0373.jpg,False,
ESP_026472_1410_RED-0376.jpg,False,
ESP_026472_1410_RED-0382.jpg,False,
ESP_026511_2330_RED-0249.jpg,False,
ESP_026511_2330_RED-0268.jpg,True,[  2   0 195 227]
ESP_027564_1655_RED-0043.jpg,False,
ESP_027564_1655_RED-0063.jpg,False,
ESP_027564_1655_RED-0196.jpg,False,
ESP_027802_1685_RED-0150.jpg,False,
ESP_027802_1685_RED-0184.jpg,False,
ESP_027802_1685_RED-0233.jpg,False,
ESP_027802_1685_RED-0273.jpg,False,
ESP_027802_1685_RED-0357.jpg,False,
ESP_027802_1685_RED-0376.jpg,False,
ESP_027802_1685_RED-0384.jpg,False,
ESP_027802_1685_RED-0398.jpg,False,
ESP_027802_1685_RED-0410.jpg,False,
ESP_028196_1840_RED-0119.jpg,False,
ESP_028196_1840_RED-0139.jpg,False,
ESP_028196_1840_RED-0156.jpg,False,
ESP_028196_1840_RED-0257.jpg,False,
ESP_028196_1840_RED-0324.jpg,False,
ESP_028196_1840_RED-0341.jpg,False,
ESP_028196_1840_RED-0345.jpg,False,
ESP_028196_1840_RED-0411.jpg,False,
ESP_028196_1840_RED-0413.jpg,False,
ESP_028196_1840_RED-0430.jpg,False,
ESP_028196_1840_RED-0454.jpg,False,
ESP_028196_1840_RED-0455.jpg,False,
ESP_028196_1840_RED-0499.jpg,False,
ESP_028196_1840_RED-0500.jpg,False,
ESP_028196_1840_RED-0505.jpg,False,
ESP_028196_1840_RED-0506.jpg,False,
ESP_028196_1840_RED-0507.jpg,False,
ESP_028208_1950_RED-0053.jpg,False,
ESP_028208_1950_RED-0158.jpg,False,
ESP_028208_1950_RED-0208.jpg,False,
ESP_028208_1950_RED-0209.jpg,False,
ESP_028733_1370_RED-0634.jpg,False,
ESP_029014_2150_RED-0048.jpg,False,
ESP_029014_2150_RED-0877.jpg,False,
ESP_029782_2075_RED-0094.jpg,False,
ESP_029782_2075_RED-0115.jpg,False,
ESP_029782_2075_RED-0265.jpg,False,
ESP_029782_2075_RED-0330.jpg,False,
ESP_029782_2075_RED-0369.jpg,False,
ESP_029782_2075_RED-0371.jpg,False,
ESP_029782_2075_RED-0381.jpg,False,
ESP_029782_2075_RED-0383.jpg,True,[104   2 227 223]
ESP_029782_2075_RED-0392.jpg,True,[ 80   0 226 226]
ESP_029782_2075_RED-0606.jpg,False,
ESP_029782_2075_RED-0664.jpg,False,
ESP_029782_2075_RED-0694.jpg,False,
ESP_029782_2075_RED-0697.jpg,False,
ESP_029782_2075_RED-0699.jpg,False,
ESP_029782_2075_RED-0708.jpg,False,
ESP_029782_2075_RED-0720.jpg,False,
ESP_029782_2075_RED-0726.jpg,False,
ESP_029782_2075_RED-0727.jpg,False,
ESP_029782_2075_RED-0739.jpg,False,
ESP_029782_2075_RED-0743.jpg,False,
ESP_029782_2075_RED-0746.jpg,False,
ESP_029782_2075_RED-0758.jpg,False,
ESP_029782_2075_RED-0760.jpg,False,
ESP_029782_2075_RED-0769.jpg,False,
ESP_029782_2075_RED-0782.jpg,False,
ESP_029782_2075_RED-0785.jpg,False,
ESP_029782_2075_RED-0786.jpg,False,
ESP_029782_2075_RED-0789.jpg,False,
ESP_029782_2075_RED-0795.jpg,False,
ESP_029793_2005_RED-0011.jpg,False,
ESP_029793_2005_RED-0029.jpg,False,
ESP_029793_2005_RED-0045.jpg,False,
ESP_029793_2005_RED-0069.jpg,False,
ESP_029793_2005_RED-0080.jpg,False,
ESP_029793_2005_RED-0090.jpg,False,
ESP_029793_2005_RED-0104.jpg,False,
ESP_029793_2005_RED-0119.jpg,False,
ESP_029793_2005_RED-0145.jpg,True,[  1   0 162 227]
ESP_029793_2005_RED-0151.jpg,False,
ESP_029793_2005_RED-0157.jpg,True,[ 45   1 226 227]
ESP_030082_1615_RED-0078.jpg,False,
ESP_030082_1615_RED-0436.jpg,False,
ESP_030082_1615_RED-0593.jpg,False,
ESP_030136_0930_RED-0004.jpg,True,[  6   0 223 138]
ESP_030136_0930_RED-0008.jpg,True,[  6   0 226 129]
ESP_030136_0930_RED-0009.jpg,True,[  1   0 226 141]
ESP_030136_0930_RED-0014.jpg,True,[  2   0 226 133]
ESP_030136_0930_RED-0016.jpg,True,[ 29   0 226 181]
ESP_030136_0930_RED-0017.jpg,False,
ESP_030136_0930_RED-0020.jpg,True,[  0   1 142 216]
ESP_030136_0930_RED-0021.jpg,False,
ESP_030136_0930_RED-0023.jpg,False,
ESP_030136_0930_RED-0026.jpg,False,
ESP_030136_0930_RED-0029.jpg,False,
ESP_030136_0930_RED-0031.jpg,True,[  1  89 226 227]
ESP_030136_0930_RED-0033.jpg,False,
ESP_030136_0930_RED-0034.jpg,True,[ 54  73 226 227]
ESP_030136_0930_RED-0035.jpg,True,[  5  62 172 227]
ESP_030136_0930_RED-0036.jpg,False,
ESP_030136_0930_RED-0041.jpg,True,[  1  66 222 227]
ESP_030136_0930_RED-0043.jpg,False,
ESP_030993_1960_RED-0013.jpg,False,
ESP_030993_1960_RED-0061.jpg,True,[ 35   0 224 227]
ESP_030993_1960_RED-0062.jpg,False,
ESP_032158_1615_RED-0182.jpg,True,[  2   0 147 227]
ESP_032158_1615_RED-0305.jpg,False,
ESP_032391_2080_RED-0003.jpg,True,[  0   2 227 189]
ESP_032391_2080_RED-0009.jpg,False,
ESP_032391_2080_RED-0010.jpg,False,
ESP_032391_2080_RED-0028.jpg,False,
ESP_032391_2080_RED-0037.jpg,False,
ESP_032391_2080_RED-0039.jpg,False,
ESP_032391_2080_RED-0041.jpg,False,
ESP_032391_2080_RED-0057.jpg,False,
ESP_032391_2080_RED-0068.jpg,False,
ESP_032391_2080_RED-0282.jpg,False,
ESP_032391_2080_RED-0297.jpg,False,
ESP_032391_2080_RED-0327.jpg,False,
ESP_032391_2080_RED-0328.jpg,False,
ESP_033955_2065_RED-0015.jpg,False,
ESP_033955_2065_RED-0019.jpg,False,
ESP_033955_2065_RED-0021.jpg,False,
ESP_033955_2065_RED-0022.jpg,False,
ESP_033955_2065_RED-0024.jpg,True,[ 42   2 227 224]
ESP_033955_2065_RED-0025.jpg,False,
ESP_033955_2065_RED-0027.jpg,False,
ESP_033955_2065_RED-0028.jpg,False,
ESP_033955_2065_RED-0030.jpg,True,[  2   0 176 139]
ESP_033955_2065_RED-0031.jpg,False,
ESP_033955_2065_RED-0032.jpg,False,
ESP_033955_2065_RED-0033.jpg,True,[  4  60 180 227]
ESP_033955_2065_RED-0034.jpg,False,
ESP_033955_2065_RED-0035.jpg,True,[ 77  16 216 227]
ESP_033955_2065_RED-0037.jpg,True,[ 24   0 161 227]
ESP_033955_2065_RED-0038.jpg,False,
ESP_033955_2065_RED-0039.jpg,False,
ESP_033955_2065_RED-0042.jpg,False,
ESP_033955_2065_RED-0045.jpg,False,
ESP_033955_2065_RED-0046.jpg,False,
ESP_033955_2065_RED-0047.jpg,True,[  1   6 225 227]
ESP_033955_2065_RED-0048.jpg,False,
ESP_033955_2065_RED-0051.jpg,False,
ESP_033955_2065_RED-0052.jpg,True,[  1   0 175 185]
ESP_033955_2065_RED-0054.jpg,False,
ESP_034181_1695_RED-0006.jpg,False,
ESP_034181_1695_RED-0013.jpg,False,
ESP_034181_1695_RED-0018.jpg,False,
ESP_034268_1795_RED-0018.jpg,False,
ESP_034268_1795_RED-0046.jpg,False,
ESP_034268_1795_RED-0051.jpg,False,
ESP_034268_1795_RED-0056.jpg,False,
ESP_034268_1795_RED-0063.jpg,False,
ESP_034268_1795_RED-0080.jpg,False,
ESP_034268_1795_RED-0096.jpg,False,
ESP_034268_1795_RED-0099.jpg,False,
ESP_034268_1795_RED-0133.jpg,False,
ESP_034268_1795_RED-0183.jpg,False,
ESP_034268_1795_RED-0207.jpg,False,
ESP_034268_1795_RED-0240.jpg,False,
ESP_034268_1795_RED-0252.jpg,False,
ESP_034268_1795_RED-0265.jpg,False,
ESP_034268_1795_RED-0291.jpg,False,
ESP_034268_1795_RED-0311.jpg,False,
ESP_034268_1795_RED-0360.jpg,False,
ESP_034268_1795_RED-0366.jpg,False,
ESP_034268_1795_RED-0369.jpg,False,
ESP_034268_1795_RED-0371.jpg,False,
ESP_034268_1795_RED-0397.jpg,False,
ESP_034268_1795_RED-0400.jpg,True,[ 61  14 226 225]
ESP_034268_1795_RED-0407.jpg,False,
ESP_034268_1795_RED-0413.jpg,False,
ESP_034268_1795_RED-0417.jpg,False,
ESP_034268_1795_RED-0430.jpg,False,
ESP_034268_1795_RED-0432.jpg,False,
ESP_034268_1795_RED-0434.jpg,False,
ESP_034268_1795_RED-0436.jpg,False,
ESP_034268_1795_RED-0439.jpg,True,[  2  41 226 227]
ESP_034557_1510_RED-0001.jpg,False,
ESP_034557_1510_RED-0002.jpg,False,
ESP_034557_1510_RED-0065.jpg,False,
ESP_034557_1510_RED-0066.jpg,False,
ESP_034557_1510_RED-0075.jpg,False,
ESP_034557_1510_RED-0081.jpg,False,
ESP_034557_1510_RED-0097.jpg,False,
ESP_034557_1510_RED-0124.jpg,False,
ESP_034557_1510_RED-0129.jpg,False,
ESP_034557_1510_RED-0144.jpg,False,
ESP_034557_1510_RED-0156.jpg,False,
ESP_034557_1510_RED-0189.jpg,False,
ESP_034557_1510_RED-0192.jpg,False,
ESP_034557_1510_RED-0196.jpg,False,
ESP_034557_1510_RED-0200.jpg,False,
ESP_034557_1510_RED-0213.jpg,False,
ESP_034557_1510_RED-0215.jpg,False,
ESP_034557_1510_RED-0231.jpg,False,
ESP_034557_1510_RED-0246.jpg,False,
ESP_034557_1510_RED-0249.jpg,False,
ESP_034557_1510_RED-0252.jpg,False,
ESP_034557_1510_RED-0266.jpg,False,
ESP_034557_1510_RED-0268.jpg,False,
ESP_034557_1510_RED-0300.jpg,True,[  3  17 161 227]
ESP_034557_1510_RED-0362.jpg,False,
ESP_034557_1510_RED-0377.jpg,False,
ESP_034557_1510_RED-0381.jpg,False,
ESP_034557_1510_RED-0382.jpg,False,
ESP_034557_1510_RED-0420.jpg,False,
ESP_034557_1510_RED-0491.jpg,True,[  3   0 174 227]
ESP_034557_1510_RED-0497.jpg,False,
ESP_034557_1510_RED-0503.jpg,False,
ESP_034557_1510_RED-0533.jpg,False,
ESP_034557_1510_RED-0541.jpg,False,
ESP_034557_1510_RED-0544.jpg,False,
ESP_034557_1510_RED-0583.jpg,False,
ESP_034590_1795_RED-0021.jpg,False,
ESP_034590_1795_RED-0057.jpg,True,[  4   0 188 227]
ESP_034590_1795_RED-0104.jpg,False,
ESP_034590_1795_RED-0114.jpg,False,
ESP_034590_1795_RED-0122.jpg,False,
ESP_034590_1795_RED-0125.jpg,False,
ESP_034590_1795_RED-0140.jpg,False,
ESP_034590_1795_RED-0149.jpg,False,
ESP_034590_1795_RED-0162.jpg,False,
ESP_034590_1795_RED-0164.jpg,False,
ESP_034590_1795_RED-0184.jpg,False,
ESP_034590_1795_RED-0196.jpg,False,
ESP_034590_1795_RED-0248.jpg,False,
ESP_034590_1795_RED-0251.jpg,False,
ESP_034590_1795_RED-0252.jpg,False,
ESP_034737_2090_RED-0149.jpg,False,
ESP_034737_2090_RED-0173.jpg,False,
ESP_035814_1550_RED-0174.jpg,False,
ESP_035814_1550_RED-0182.jpg,False,
ESP_035814_1550_RED-0265.jpg,True,[  8   0 184 227]
ESP_035814_1550_RED-0274.jpg,False,
ESP_035814_1550_RED-0287.jpg,False,
ESP_035814_1550_RED-0318.jpg,False,
ESP_036217_2580_RED-0003.jpg,False,
ESP_036217_2580_RED-0004.jpg,True,[  2  57 173 227]
ESP_036217_2580_RED-0005.jpg,True,[ 67   1 227 165]
ESP_036217_2580_RED-0007.jpg,True,[ 70   3 227 167]
ESP_036217_2580_RED-0008.jpg,False,
ESP_036272_2420_RED-0009.jpg,False,
ESP_036575_2075_RED-0020.jpg,False,
ESP_036575_2075_RED-0213.jpg,False,
ESP_036575_2075_RED-0218.jpg,False,
ESP_036575_2075_RED-0262.jpg,False,
ESP_036575_2075_RED-0305.jpg,False,
ESP_036575_2075_RED-0331.jpg,False,
ESP_036575_2075_RED-0399.jpg,False,
ESP_036575_2075_RED-0403.jpg,False,
ESP_036575_2075_RED-0430.jpg,False,
ESP_036575_2075_RED-0437.jpg,False,
ESP_036987_1825_RED-0033.jpg,False,
ESP_039350_1915_RED-0047.jpg,False,
ESP_039350_1915_RED-0049.jpg,False,
ESP_039350_1915_RED-0109.jpg,False,
ESP_039350_1915_RED-0118.jpg,False,
ESP_039350_1915_RED-0155.jpg,False,
ESP_039350_1915_RED-0184.jpg,False,
ESP_039350_1915_RED-0186.jpg,False,
ESP_040664_1050_RED-0040.jpg,True,[107   1 227 221]
ESP_046549_1790_RED-0002.jpg,True,[  0   1 223 201]
ESP_046549_1790_RED-0046.jpg,False,
ESP_046549_1790_RED-0052.jpg,False,
ESP_046549_1790_RED-0105.jpg,False,
ESP_046549_1790_RED-0109.jpg,False,
ESP_046549_1790_RED-0141.jpg,False,
ESP_046549_1790_RED-0142.jpg,False,
ESP_046549_1790_RED-0153.jpg,True,[ 38   1 227 225]
ESP_046549_1790_RED-0161.jpg,False,
ESP_046549_1790_RED-0169.jpg,False,
ESP_046549_1790_RED-0233.jpg,False,
ESP_046834_1525_RED-0016.jpg,False,
ESP_046834_1525_RED-0029.jpg,False,
ESP_046834_1525_RED-0048.jpg,False,
ESP_046834_1525_RED-0072.jpg,False,
ESP_046834_1525_RED-0087.jpg,False,
ESP_046834_1525_RED-0095.jpg,False,
ESP_046834_1525_RED-0125.jpg,False,
ESP_046834_1525_RED-0157.jpg,True,[ 34   0 226 227]
ESP_046834_1525_RED-0181.jpg,False,
ESP_046834_1525_RED-0191.jpg,True,[  0   1 159 226]
ESP_046991_0950_RED-0001.jpg,False,
ESP_046991_0950_RED-0002.jpg,True,[  1   0 186 160]
ESP_046991_0950_RED-0003.jpg,False,
ESP_046991_0950_RED-0006.jpg,False,
ESP_046991_0950_RED-0007.jpg,False,
ESP_046991_0950_RED-0009.jpg,False,
ESP_046991_0950_RED-0013.jpg,False,
ESP_046991_0950_RED-0018.jpg,True,[  1   0 158 159]
ESP_046991_0950_RED-0023.jpg,True,[ 29  42 227 204]
ESP_046991_0950_RED-0024.jpg,False,
ESP_046991_0950_RED-0027.jpg,True,[ 84  53 225 227]
ESP_046991_0950_RED-0029.jpg,False,
ESP_046991_0950_RED-0032.jpg,True,[ 36  74 226 227]
ESP_047947_1795_RED-0007.jpg,False,
ESP_047947_1795_RED-0015.jpg,False,
ESP_049509_1075_RED-0010.jpg,False,
ESP_049651_1050_RED-0002.jpg,False,
ESP_049651_1050_RED-0006.jpg,True,[  1   0 167 144]
ESP_049651_1050_RED-0030.jpg,False,
ESP_049651_1050_RED-0037.jpg,True,[ 75   3 227 196]
ESP_049651_1050_RED-0043.jpg,False,
ESP_049651_1050_RED-0062.jpg,False,
ESP_049651_1050_RED-0070.jpg,False,
ESP_049651_1050_RED-0073.jpg,False,
ESP_049651_1050_RED-0086.jpg,True,[  1  95 156 227]
ESP_049651_1050_RED-0089.jpg,False,
ESP_049651_1050_RED-0090.jpg,False,
ESP_050115_2005_RED-0057.jpg,True,[  3   0 186 218]
ESP_050115_2005_RED-0076.jpg,False,
ESP_050115_2005_RED-0077.jpg,False,
ESP_050115_2005_RED-0097.jpg,False,
ESP_050115_2005_RED-0142.jpg,False,
ESP_050128_2025_RED-0027.jpg,False,
ESP_050128_2025_RED-0038.jpg,False,
ESP_050128_2025_RED-0072.jpg,False,
ESP_050128_2025_RED-0074.jpg,False,
PSP_002455_1320_RED-0058.jpg,True,[ 28   8 226 227]
PSP_002455_1320_RED-0064.jpg,True,[ 30   1 227 226]
PSP_002455_1320_RED-0069.jpg,False,
PSP_002455_1320_RED-0070.jpg,True,[ 70   0 211 196]
PSP_002455_1320_RED-0074.jpg,False,
PSP_002455_1320_RED-0078.jpg,True,[  0  30 131 225]
PSP_002455_1320_RED-0080.jpg,False,
PSP_002455_1320_RED-0081.jpg,True,[ 75  16 227 222]
PSP_002455_1320_RED-0083.jpg,False,
PSP_002455_1320_RED-0084.jpg,False,
PSP_002455_1320_RED-0089.jpg,False,
PSP_002455_1320_RED-0099.jpg,False,
PSP_002455_1320_RED-0104.jpg,True,[  0  13 155 226]
PSP_002455_1320_RED-0106.jpg,False,
PSP_002455_1320_RED-0108.jpg,True,[  4   0 188 227]
PSP_002455_1320_RED-0110.jpg,True,[104  74 221 227]
PSP_002455_1320_RED-0111.jpg,True,[  6  24 226 227]
PSP_002455_1320_RED-0112.jpg,True,[  2  53 224 227]
PSP_002455_1320_RED-0113.jpg,True,[  2  52 226 227]
PSP_002776_2025_RED-0006.jpg,False,
PSP_002776_2025_RED-0009.jpg,False,
PSP_002776_2025_RED-0023.jpg,False,
PSP_002776_2025_RED-0046.jpg,False,
PSP_002776_2025_RED-0073.jpg,False,
PSP_002776_2025_RED-0074.jpg,False,
PSP_002776_2025_RED-0076.jpg,False,
PSP_002776_2025_RED-0080.jpg,False,
PSP_002776_2025_RED-0085.jpg,False,
PSP_002776_2025_RED-0087.jpg,False,
PSP_002776_2025_RED-0090.jpg,False,
PSP_002776_2025_RED-0098.jpg,True,[  0  14 148 204]
PSP_002776_2025_RED-0113.jpg,False,
PSP_002776_2025_RED-0116.jpg,False,
PSP_002804_0930_RED-0003.jpg,False,
PSP_002804_0930_RED-0015.jpg,False,
PSP_002804_0930_RED-0018.jpg,False,
PSP_002804_0930_RED-0021.jpg,True,[  0   1 151 175]
PSP_002804_0930_RED-0023.jpg,True,[  0  39 135 194]
PSP_002804_0930_RED-0024.jpg,False,
PSP_002804_0930_RED-0025.jpg,False,
PSP_002804_0930_RED-0031.jpg,True,[ 52  26 227 223]
PSP_002804_0930_RED-0034.jpg,False,
PSP_002804_0930_RED-0036.jpg,False,
PSP_002804_0930_RED-0051.jpg,True,[ 23 121 111 209]
PSP_003470_0930_RED-0004.jpg,True,[ 32   0 226 141]
PSP_003470_0930_RED-0007.jpg,False,
PSP_003470_0930_RED-0017.jpg,False,
PSP_003470_0930_RED-0018.jpg,True,[  8   0 225 171]
PSP_003470_0930_RED-0023.jpg,False,
PSP_003470_0930_RED-0033.jpg,False,
PSP_003470_0930_RED-0034.jpg,False,
PSP_003470_0930_RED-0035.jpg,False,
PSP_003470_0930_RED-0036.jpg,False,
PSP_003470_0930_RED-0039.jpg,False,
PSP_003470_0930_RED-0040.jpg,False,
PSP_003470_0930_RED-0041.jpg,False,
PSP_003470_0930_RED-0042.jpg,False,
PSP_003470_0930_RED-0043.jpg,True,[ 60  15 227 226]
PSP_003470_0930_RED-0051.jpg,False,
PSP_003470_0930_RED-0055.jpg,False,
PSP_003470_0930_RED-0057.jpg,True,[ 62  20 224 227]
PSP_003470_0930_RED-0059.jpg,False,
PSP_003470_0930_RED-0067.jpg,False,
PSP_003470_0930_RED-0069.jpg,False,
PSP_003470_0930_RED-0070.jpg,False,
PSP_003470_0930_RED-0072.jpg,False,
PSP_003470_0930_RED-0073.jpg,False,
PSP_003470_0930_RED-0075.jpg,False,
PSP_003470_0930_RED-0080.jpg,False,
PSP_003470_0930_RED-0086.jpg,False,
PSP_003470_0930_RED-0090.jpg,False,
PSP_003470_0930_RED-0094.jpg,False,
PSP_003470_0930_RED-0099.jpg,True,[  0   1 137 166]
PSP_003470_0930_RED-0105.jpg,True,[ 86  57 227 221]
PSP_003470_0930_RED-0106.jpg,False,
PSP_003470_0930_RED-0109.jpg,False,
PSP_003470_0930_RED-0110.jpg,False,
PSP_003470_0930_RED-0113.jpg,True,[  0   1 147 168]
PSP_003470_0930_RED-0114.jpg,False,
PSP_003470_0930_RED-0116.jpg,False,
PSP_003470_0930_RED-0127.jpg,False,
PSP_003470_0930_RED-0131.jpg,False,
PSP_003470_0930_RED-0143.jpg,False,
PSP_003470_0930_RED-0144.jpg,False,
PSP_003470_0930_RED-0146.jpg,True,[ 82  61 225 227]
PSP_003470_0930_RED-0148.jpg,True,[ 85  50 225 227]
PSP_003703_2035_RED-0003.jpg,True,[  0   4 227 161]
PSP_003703_2035_RED-0004.jpg,True,[  1   0 226 181]
PSP_003703_2035_RED-0006.jpg,True,[  0   2 227 167]
PSP_003703_2035_RED-0019.jpg,True,[  2   0 224 182]
PSP_003703_2035_RED-0027.jpg,False,
PSP_003703_2035_RED-0031.jpg,False,
PSP_003703_2035_RED-0032.jpg,False,
PSP_003703_2035_RED-0033.jpg,False,
PSP_003703_2035_RED-0044.jpg,False,
PSP_003703_2035_RED-0067.jpg,False,
PSP_003703_2035_RED-0075.jpg,False,
PSP_003703_2035_RED-0097.jpg,False,
PSP_003703_2035_RED-0100.jpg,False,
PSP_003703_2035_RED-0108.jpg,False,
PSP_003703_2035_RED-0151.jpg,False,
PSP_003703_2035_RED-0159.jpg,False,
PSP_003703_2035_RED-0178.jpg,False,
PSP_003703_2035_RED-0180.jpg,False,
PSP_003703_2035_RED-0182.jpg,False,
PSP_003703_2035_RED-0193.jpg,False,
PSP_003703_2035_RED-0195.jpg,True,[  0   2 163 226]
PSP_003703_2035_RED-0207.jpg,False,
PSP_004118_1355_RED-0286.jpg,False,
PSP_004118_1355_RED-0451.jpg,False,
PSP_004673_0935_RED-0005.jpg,False,
PSP_004673_0935_RED-0007.jpg,False,
PSP_004673_0935_RED-0009.jpg,True,[ 19   1 189 144]
PSP_004673_0935_RED-0014.jpg,False,
PSP_004673_0935_RED-0017.jpg,False,
PSP_004673_0935_RED-0019.jpg,False,
PSP_004673_0935_RED-0022.jpg,False,
PSP_004673_0935_RED-0024.jpg,True,[  3  74 166 227]
PSP_004673_0935_RED-0027.jpg,True,[ 85   2 227 167]
PSP_004673_0935_RED-0033.jpg,True,[ 48   4 227 198]
PSP_004673_0935_RED-0034.jpg,False,
PSP_004673_0935_RED-0047.jpg,True,[ 72   1 227 161]
PSP_004673_0935_RED-0049.jpg,False,
PSP_004673_0935_RED-0053.jpg,False,
PSP_004673_0935_RED-0061.jpg,True,[ 68   0 226 154]
PSP_004673_0935_RED-0062.jpg,False,
PSP_004673_0935_RED-0066.jpg,False,
PSP_004673_0935_RED-0067.jpg,False,
PSP_004673_0935_RED-0070.jpg,False,
PSP_004673_0935_RED-0071.jpg,False,
PSP_004673_0935_RED-0072.jpg,False,
PSP_004673_0935_RED-0074.jpg,True,[  1 136 221 227]
PSP_004673_0935_RED-0078.jpg,True,[ 84   0 223 131]
PSP_004673_0935_RED-0083.jpg,True,[ 99   1 227 165]
PSP_004673_0935_RED-0087.jpg,False,
PSP_004673_0935_RED-0091.jpg,False,
PSP_004673_0935_RED-0095.jpg,True,[ 17   2 227 140]
PSP_004673_0935_RED-0097.jpg,True,[ 73   2 227 163]
PSP_004673_0935_RED-0099.jpg,False,
PSP_004673_0935_RED-0100.jpg,False,
PSP_004673_0935_RED-0108.jpg,False,
PSP_004673_0935_RED-0111.jpg,False,
PSP_004673_0935_RED-0114.jpg,False,
PSP_004673_0935_RED-0126.jpg,False,
PSP_004673_0935_RED-0127.jpg,False,
PSP_004673_0935_RED-0129.jpg,False,
PSP_004673_0935_RED-0134.jpg,False,
PSP_004673_0935_RED-0136.jpg,True,[ 53   3 227 206]
PSP_004673_0935_RED-0138.jpg,False,
PSP_004673_0935_RED-0140.jpg,True,[ 50  83 227 226]
PSP_004673_0935_RED-0143.jpg,False,
PSP_004673_0935_RED-0144.jpg,False,
PSP_005150_1490_RED-0269.jpg,True,[  0  30 227 223]
PSP_005441_1970_RED-0008.jpg,False,
PSP_005441_1970_RED-0062.jpg,False,
PSP_005457_2030_RED-0010.jpg,False,
PSP_005457_2030_RED-0011.jpg,False,
PSP_005457_2030_RED-0018.jpg,False,
PSP_005457_2030_RED-0036.jpg,False,
PSP_005457_2030_RED-0042.jpg,False,
PSP_005457_2030_RED-0082.jpg,False,
PSP_005457_2030_RED-0111.jpg,False,
PSP_005457_2030_RED-0120.jpg,True,[  2  62 226 227]
PSP_005728_0935_RED-0001.jpg,True,[ 88   1 227 158]
PSP_005728_0935_RED-0007.jpg,False,
PSP_005728_0935_RED-0013.jpg,False,
PSP_005728_0935_RED-0015.jpg,True,[  0  67 157 226]
PSP_005728_0935_RED-0019.jpg,False,
PSP_005728_0935_RED-0023.jpg,False,
PSP_005728_0935_RED-0024.jpg,False,
PSP_006615_1910_RED-0033.jpg,False,
PSP_006615_1910_RED-0332.jpg,True,[ 94   0 226 227]
PSP_006615_1910_RED-0368.jpg,False,
PSP_006766_1850_RED-0030.jpg,False,
PSP_006766_1850_RED-0037.jpg,True,[  0   2 159 219]
PSP_006766_1850_RED-0039.jpg,False,
PSP_006766_1850_RED-0045.jpg,False,
PSP_006766_1850_RED-0048.jpg,False,
PSP_006879_2335_RED-0070.jpg,False,
PSP_006921_1830_RED-0012.jpg,True,[  0   2 226 169]
PSP_006921_1830_RED-0031.jpg,False,
PSP_006921_1830_RED-0034.jpg,True,[ 28   0 213 227]
PSP_006921_1830_RED-0131.jpg,False,
PSP_006921_1830_RED-0218.jpg,False,
PSP_007489_1965_RED-0001.jpg,True,[  1   0 224 185]
PSP_007489_1965_RED-0012.jpg,False,
PSP_007489_1965_RED-0013.jpg,False,
PSP_007489_1965_RED-0015.jpg,False,
PSP_007489_1965_RED-0018.jpg,False,
PSP_007489_1965_RED-0021.jpg,False,
PSP_007489_1965_RED-0072.jpg,False,
PSP_007489_1965_RED-0092.jpg,True,[ 20   0 197 227]
PSP_007489_1965_RED-0112.jpg,False,
PSP_007489_1965_RED-0116.jpg,False,
PSP_007489_1965_RED-0120.jpg,False,
PSP_008027_2070_RED-0223.jpg,False,
PSP_008027_2070_RED-0521.jpg,False,
PSP_008462_1440_RED-0009.jpg,False,
PSP_008462_1440_RED-0011.jpg,False,
PSP_008462_1440_RED-0029.jpg,False,
PSP_008462_1440_RED-0032.jpg,False,
PSP_008462_1440_RED-0038.jpg,False,
PSP_008462_1440_RED-0059.jpg,False,
PSP_008462_1440_RED-0061.jpg,False,
PSP_008462_1440_RED-0079.jpg,True,[  1   0 167 227]
PSP_008462_1440_RED-0085.jpg,False,
PSP_008462_1440_RED-0086.jpg,False,
PSP_008462_1440_RED-0087.jpg,False,
PSP_008462_1440_RED-0092.jpg,False,
PSP_008462_1440_RED-0097.jpg,False,
PSP_008462_1440_RED-0099.jpg,False,
PSP_008462_1440_RED-0100.jpg,False,
PSP_008462_1440_RED-0107.jpg,False,
PSP_008462_1440_RED-0108.jpg,False,
PSP_008462_1440_RED-0109.jpg,False,
PSP_008462_1440_RED-0129.jpg,False,
PSP_008462_1440_RED-0148.jpg,False,
PSP_008462_1440_RED-0166.jpg,False,
PSP_008462_1440_RED-0172.jpg,False,
PSP_008462_1440_RED-0176.jpg,False,
PSP_008965_1510_RED-0011.jpg,True,[  1   0 226 179]
PSP_008965_1510_RED-0098.jpg,False,
PSP_008965_1510_RED-0157.jpg,False,
PSP_008965_1510_RED-0239.jpg,False,
PSP_008965_1510_RED-0279.jpg,False,
PSP_008965_1510_RED-0364.jpg,False,
PSP_008965_1510_RED-0497.jpg,False,
PSP_008965_1510_RED-0561.jpg,False,
PSP_008965_1510_RED-0598.jpg,False,
PSP_008965_1510_RED-0627.jpg,False,
PSP_008965_1510_RED-0654.jpg,False,
PSP_008965_1510_RED-0672.jpg,False,
PSP_008965_1510_RED-0690.jpg,False,
PSP_008965_1510_RED-0727.jpg,False,
PSP_008965_1510_RED-0750.jpg,False,
PSP_008965_1510_RED-0768.jpg,False,
PSP_008965_1510_RED-0782.jpg,False,
PSP_008965_1510_RED-0791.jpg,False,
PSP_008965_1510_RED-0800.jpg,False,
PSP_008965_1510_RED-0813.jpg,False,
PSP_008965_1510_RED-0815.jpg,False,
PSP_008965_1510_RED-0831.jpg,False,
PSP_008965_1510_RED-0890.jpg,False,
PSP_008965_1510_RED-0896.jpg,False,
PSP_008965_1510_RED-0913.jpg,False,
PSP_009733_2795_RED-0002.jpg,False,
PSP_009733_2795_RED-0010.jpg,True,[ 73   1 227 204]
PSP_009754_2205_RED-0008.jpg,True,[ 76   1 227 226]
PSP_010021_1835_RED-0056.jpg,False,
PSP_010087_1555_RED-0023.jpg,False,
PSP_010087_1555_RED-0029.jpg,False,
PSP_010087_1555_RED-0084.jpg,False,
PSP_010087_1555_RED-0096.jpg,False,
PSP_010087_1555_RED-0105.jpg,False,
PSP_010087_1555_RED-0163.jpg,False,
PSP_010087_1555_RED-0181.jpg,False,
PSP_010461_1845_RED-0110.jpg,False,
PSP_010492_1510_RED-0009.jpg,False,
PSP_010587_1620_RED-0048.jpg,False,
PSP_010587_1620_RED-0130.jpg,False,
PSP_010587_1620_RED-0236.jpg,False,
