image,label,type
ESP_011289_1950_RED-0009.jpg,3,test
ESP_011289_1950_RED-0044.jpg,3,test
ESP_011289_1950_RED-0066.jpg,3,test
ESP_011289_1950_RED-0092.jpg,1,test
ESP_011289_1950_RED-0102.jpg,3,test
ESP_011289_1950_RED-0131.jpg,3,test
ESP_011289_1950_RED-0139.jpg,3,test
ESP_011289_1950_RED-0146.jpg,1,test
ESP_011289_1950_RED-0170.jpg,3,test
ESP_011289_1950_RED-0176.jpg,3,test
ESP_011289_1950_RED-0193.jpg,3,test
ESP_011289_1950_RED-0200.jpg,3,test
ESP_011289_1950_RED-0201.jpg,1,test
ESP_011289_1950_RED-0208.jpg,1,test
ESP_011289_1950_RED-0212.jpg,3,test
ESP_011289_1950_RED-0228.jpg,3,test
ESP_011289_1950_RED-0230.jpg,3,test
ESP_011289_1950_RED-0233.jpg,1,test
ESP_011289_1950_RED-0235.jpg,3,test
ESP_011289_1950_RED-0237.jpg,3,test
ESP_011341_0980_RED-0004.jpg,7,test
ESP_011341_0980_RED-0004.jpg,7,val
ESP_011341_0980_RED-0005.jpg,7,val
ESP_011341_0980_RED-0005.jpg,7,val
ESP_011341_0980_RED-0010.jpg,7,val
ESP_011341_0980_RED-0010.jpg,7,val
ESP_011341_0980_RED-0058.jpg,7,test
ESP_011341_0980_RED-0058.jpg,7,val
ESP_011341_0980_RED-0062.jpg,7,val
ESP_011341_0980_RED-0062.jpg,7,val
ESP_011348_0950_RED-0005.jpg,7,train
ESP_011348_0950_RED-0005.jpg,7,train
ESP_011386_2065_RED-0062.jpg,1,train
ESP_011386_2065_RED-0067.jpg,1,train
ESP_011386_2065_RED-0074.jpg,1,train
ESP_011386_2065_RED-0076.jpg,1,train
ESP_011386_2065_RED-0085.jpg,1,train
ESP_011386_2065_RED-0092.jpg,1,train
ESP_011386_2065_RED-0093.jpg,1,train
ESP_011386_2065_RED-0110.jpg,1,train
ESP_011422_0930_RED-0164.jpg,5,train
ESP_011422_0930_RED-0164.jpg,5,train
ESP_011422_0930_RED-0201.jpg,7,train
ESP_011422_0930_RED-0201.jpg,7,train
ESP_011422_0930_RED-0252.jpg,5,train
ESP_011422_0930_RED-0252.jpg,5,test
ESP_011425_1775_RED-0004.jpg,1,train
ESP_011425_1775_RED-0014.jpg,1,train
ESP_011425_1775_RED-0030.jpg,1,train
ESP_011425_1775_RED-0035.jpg,1,train
ESP_011425_1775_RED-0052.jpg,1,test
ESP_011425_1775_RED-0060.jpg,5,train
ESP_011425_1775_RED-0064.jpg,1,train
ESP_011425_1775_RED-0065.jpg,1,train
ESP_011425_1775_RED-0091.jpg,1,train
ESP_011425_1775_RED-0101.jpg,1,train
ESP_011425_1775_RED-0109.jpg,1,train
ESP_011425_1775_RED-0117.jpg,1,test
ESP_011425_1775_RED-0128.jpg,1,train
ESP_011491_0985_RED-0021.jpg,7,val
ESP_011491_0985_RED-0021.jpg,7,val
ESP_011505_1755_RED-0006.jpg,1,test
ESP_011505_1755_RED-0006.jpg,1,train
ESP_011505_1755_RED-0065.jpg,1,train
ESP_011505_1755_RED-0065.jpg,1,train
ESP_011505_1755_RED-0070.jpg,1,train
ESP_011505_1755_RED-0070.jpg,1,train
ESP_011505_1755_RED-0072.jpg,1,train
ESP_011505_1755_RED-0072.jpg,1,train
ESP_011505_1755_RED-0074.jpg,1,train
ESP_011505_1755_RED-0074.jpg,1,train
ESP_011505_1755_RED-0078.jpg,1,train
ESP_011505_1755_RED-0078.jpg,1,test
ESP_011505_1755_RED-0080.jpg,1,test
ESP_011505_1755_RED-0080.jpg,1,train
ESP_011610_0935_RED-0046.jpg,6,val
ESP_011610_0935_RED-0046.jpg,6,val
ESP_011622_0945_RED-0013.jpg,6,train
ESP_011622_0945_RED-0013.jpg,6,train
ESP_011622_0945_RED-0019.jpg,6,train
ESP_011622_0945_RED-0019.jpg,6,train
ESP_011623_2100_RED-0003.jpg,1,train
ESP_011623_2100_RED-0007.jpg,1,train
ESP_011623_2100_RED-0015.jpg,1,train
ESP_011623_2100_RED-0025.jpg,1,train
ESP_011623_2100_RED-0032.jpg,1,train
ESP_011623_2100_RED-0045.jpg,1,train
ESP_011623_2100_RED-0053.jpg,1,train
ESP_011623_2100_RED-0062.jpg,1,train
ESP_011623_2100_RED-0073.jpg,1,train
ESP_011623_2100_RED-0078.jpg,1,train
ESP_011623_2100_RED-0079.jpg,1,train
ESP_011623_2100_RED-0086.jpg,1,train
ESP_011623_2100_RED-0130.jpg,1,train
ESP_011623_2100_RED-0136.jpg,1,train
ESP_011623_2100_RED-0253.jpg,1,train
ESP_011623_2100_RED-0275.jpg,1,train
ESP_011623_2100_RED-0287.jpg,1,train
ESP_011623_2100_RED-0302.jpg,1,train
ESP_011623_2100_RED-0309.jpg,1,train
ESP_011623_2100_RED-0325.jpg,1,train
ESP_011623_2100_RED-0346.jpg,1,train
ESP_011623_2100_RED-0389.jpg,1,train
ESP_011623_2100_RED-0418.jpg,1,train
ESP_011623_2100_RED-0420.jpg,1,train
ESP_011623_2100_RED-0453.jpg,1,train
ESP_011623_2100_RED-0461.jpg,1,train
ESP_011623_2100_RED-0471.jpg,1,train
ESP_011661_0930_RED-0021.jpg,6,val
ESP_011661_0930_RED-0021.jpg,6,test
ESP_011661_0930_RED-0026.jpg,6,val
ESP_011661_0930_RED-0026.jpg,6,val
ESP_011661_0930_RED-0072.jpg,6,val
ESP_011661_0930_RED-0072.jpg,6,val
ESP_011661_0930_RED-0094.jpg,6,val
ESP_011661_0930_RED-0094.jpg,6,test
ESP_011661_0930_RED-0110.jpg,6,test
ESP_011661_0930_RED-0110.jpg,6,val
ESP_011661_0930_RED-0131.jpg,6,val
ESP_011661_0930_RED-0131.jpg,6,test
ESP_011661_0930_RED-0151.jpg,6,val
ESP_011661_0930_RED-0151.jpg,6,test
ESP_011677_1655_RED-0008.jpg,1,val
ESP_011677_1655_RED-0031.jpg,1,val
ESP_011677_1655_RED-0043.jpg,1,test
ESP_011677_1655_RED-0079.jpg,1,val
ESP_011677_1655_RED-0106.jpg,1,val
ESP_011677_1655_RED-0114.jpg,1,val
ESP_011677_1655_RED-0144.jpg,1,test
ESP_011677_1655_RED-0171.jpg,1,val
ESP_011697_0980_RED-0032.jpg,7,train
ESP_011697_0980_RED-0032.jpg,7,train
ESP_011716_0940_RED-0008.jpg,2,val
ESP_011716_0940_RED-0008.jpg,2,val
ESP_011727_0940_RED-0007.jpg,6,train
ESP_011727_0940_RED-0007.jpg,6,train
ESP_011767_0950_RED-0036.jpg,6,val
ESP_011767_0950_RED-0036.jpg,6,test
ESP_011767_0950_RED-0047.jpg,6,val
ESP_011767_0950_RED-0047.jpg,6,val
ESP_011767_0950_RED-0050.jpg,6,val
ESP_011767_0950_RED-0050.jpg,6,test
ESP_011767_0950_RED-0051.jpg,6,val
ESP_011767_0950_RED-0051.jpg,6,test
ESP_011842_0980_RED-0042.jpg,7,train
ESP_011842_0980_RED-0042.jpg,7,train
ESP_011842_0980_RED-0069.jpg,7,train
ESP_011842_0980_RED-0069.jpg,7,train
ESP_011881_1585_RED-0022.jpg,1,train
ESP_011881_1585_RED-0037.jpg,1,train
ESP_011881_1585_RED-0039.jpg,1,train
ESP_011881_1585_RED-0051.jpg,1,train
ESP_011881_1585_RED-0058.jpg,1,train
ESP_011881_1585_RED-0068.jpg,1,test
ESP_011881_1585_RED-0126.jpg,1,train
ESP_011881_1585_RED-0287.jpg,1,train
ESP_011951_0930_RED-0010.jpg,6,val
ESP_011951_0930_RED-0010.jpg,6,val
ESP_011951_0930_RED-0011.jpg,6,val
ESP_011951_0930_RED-0011.jpg,6,val
ESP_011951_0930_RED-0019.jpg,6,test
ESP_011951_0930_RED-0019.jpg,6,val
ESP_011951_0930_RED-0023.jpg,6,val
ESP_011951_0930_RED-0023.jpg,6,val
ESP_011951_0930_RED-0038.jpg,6,test
ESP_011951_0930_RED-0038.jpg,6,val
ESP_011951_0930_RED-0058.jpg,6,val
ESP_011951_0930_RED-0058.jpg,6,test
ESP_011951_0930_RED-0091.jpg,6,val
ESP_011951_0930_RED-0091.jpg,6,val
ESP_011951_0930_RED-0163.jpg,6,test
ESP_011951_0930_RED-0163.jpg,6,val
ESP_011951_0930_RED-0176.jpg,6,test
ESP_011951_0930_RED-0176.jpg,6,val
ESP_011954_0930_RED-0014.jpg,6,train
ESP_011954_0930_RED-0014.jpg,6,train
ESP_012053_0980_RED-0161.jpg,3,train
ESP_012053_0980_RED-0161.jpg,3,train
ESP_012057_0950_RED-0014.jpg,6,val
ESP_012057_0950_RED-0014.jpg,6,test
ESP_012057_0950_RED-0082.jpg,6,test
ESP_012057_0950_RED-0082.jpg,6,test
ESP_012057_0950_RED-0111.jpg,6,test
ESP_012057_0950_RED-0111.jpg,6,val
ESP_012057_0950_RED-0131.jpg,6,val
ESP_012057_0950_RED-0131.jpg,6,val
ESP_012057_0950_RED-0134.jpg,6,test
ESP_012057_0950_RED-0134.jpg,6,val
ESP_012057_0950_RED-0135.jpg,6,val
ESP_012057_0950_RED-0135.jpg,6,val
ESP_012081_0930_RED-0005.jpg,7,test
ESP_012081_0930_RED-0005.jpg,7,train
ESP_012215_0935_RED-0134.jpg,6,train
ESP_012215_0935_RED-0134.jpg,6,train
ESP_012215_0935_RED-0151.jpg,6,test
ESP_012215_0935_RED-0151.jpg,6,train
ESP_012215_0935_RED-0164.jpg,6,train
ESP_012215_0935_RED-0164.jpg,6,train
ESP_012215_0935_RED-0171.jpg,6,train
ESP_012215_0935_RED-0171.jpg,6,train
ESP_012215_0935_RED-0198.jpg,6,train
ESP_012215_0935_RED-0198.jpg,6,train
ESP_012215_0935_RED-0286.jpg,6,train
ESP_012215_0935_RED-0286.jpg,6,train
ESP_012215_0935_RED-0362.jpg,6,train
ESP_012215_0935_RED-0362.jpg,6,train
ESP_012215_0935_RED-0371.jpg,6,train
ESP_012215_0935_RED-0371.jpg,6,train
ESP_012264_0980_RED-0031.jpg,7,test
ESP_012264_0980_RED-0031.jpg,7,train
ESP_012264_0980_RED-0155.jpg,7,train
ESP_012264_0980_RED-0155.jpg,7,train
ESP_012269_0925_RED-0026.jpg,6,train
ESP_012269_0925_RED-0026.jpg,6,train
ESP_012282_0955_RED-0045.jpg,2,val
ESP_012282_0955_RED-0045.jpg,2,val
ESP_012282_0955_RED-0058.jpg,6,test
ESP_012282_0955_RED-0058.jpg,6,test
ESP_012282_0955_RED-0067.jpg,6,test
ESP_012282_0955_RED-0067.jpg,6,val
ESP_012282_0955_RED-0079.jpg,6,val
ESP_012282_0955_RED-0079.jpg,6,val
ESP_012282_0955_RED-0115.jpg,6,val
ESP_012282_0955_RED-0115.jpg,6,val
ESP_012284_0910_RED-0008.jpg,6,train
ESP_012284_0910_RED-0008.jpg,6,train
ESP_012294_0935_RED-0040.jpg,6,train
ESP_012294_0935_RED-0040.jpg,6,train
ESP_012294_0935_RED-0084.jpg,6,train
ESP_012294_0935_RED-0084.jpg,6,train
ESP_012294_0935_RED-0124.jpg,6,train
ESP_012294_0935_RED-0124.jpg,6,test
ESP_012294_0935_RED-0130.jpg,6,train
ESP_012294_0935_RED-0130.jpg,6,train
ESP_012294_0935_RED-0149.jpg,6,train
ESP_012294_0935_RED-0149.jpg,6,train
ESP_012298_0930_RED-0017.jpg,6,train
ESP_012298_0930_RED-0017.jpg,6,train
ESP_012298_0930_RED-0023.jpg,6,train
ESP_012298_0930_RED-0023.jpg,6,train
ESP_012298_0930_RED-0030.jpg,6,train
ESP_012298_0930_RED-0030.jpg,6,train
ESP_012298_0930_RED-0040.jpg,6,train
ESP_012298_0930_RED-0040.jpg,6,train
ESP_012298_0930_RED-0072.jpg,6,train
ESP_012298_0930_RED-0072.jpg,6,train
ESP_012298_0930_RED-0156.jpg,6,train
ESP_012298_0930_RED-0156.jpg,6,train
ESP_012298_0930_RED-0215.jpg,6,test
ESP_012298_0930_RED-0215.jpg,6,train
ESP_012298_0930_RED-0224.jpg,6,train
ESP_012298_0930_RED-0224.jpg,6,test
ESP_012298_0930_RED-0257.jpg,6,train
ESP_012298_0930_RED-0257.jpg,6,train
ESP_012298_0930_RED-0260.jpg,6,train
ESP_012298_0930_RED-0260.jpg,6,train
ESP_012298_0930_RED-0286.jpg,6,train
ESP_012298_0930_RED-0286.jpg,6,train
ESP_012298_0930_RED-0287.jpg,6,test
ESP_012298_0930_RED-0287.jpg,6,train
ESP_012298_0930_RED-0333.jpg,6,train
ESP_012298_0930_RED-0333.jpg,6,train
ESP_012298_0930_RED-0383.jpg,6,train
ESP_012298_0930_RED-0383.jpg,6,train
ESP_012298_0930_RED-0384.jpg,6,train
ESP_012298_0930_RED-0384.jpg,6,train
ESP_012298_0930_RED-0424.jpg,6,train
ESP_012298_0930_RED-0424.jpg,6,train
ESP_012298_0930_RED-0431.jpg,6,train
ESP_012298_0930_RED-0431.jpg,6,train
ESP_012298_0930_RED-0462.jpg,6,train
ESP_012298_0930_RED-0462.jpg,6,train
ESP_012298_0930_RED-0481.jpg,6,train
ESP_012298_0930_RED-0481.jpg,6,train
ESP_012298_0930_RED-0496.jpg,6,train
ESP_012298_0930_RED-0496.jpg,6,train
ESP_012298_0930_RED-0497.jpg,6,train
ESP_012298_0930_RED-0497.jpg,6,train
ESP_012298_0930_RED-0531.jpg,6,train
ESP_012298_0930_RED-0531.jpg,6,train
ESP_012298_0930_RED-0532.jpg,6,train
ESP_012298_0930_RED-0532.jpg,6,train
ESP_012298_0930_RED-0534.jpg,6,train
ESP_012298_0930_RED-0534.jpg,6,train
ESP_012298_0930_RED-0541.jpg,6,train
ESP_012298_0930_RED-0541.jpg,6,train
ESP_012307_0940_RED-0005.jpg,6,train
ESP_012307_0940_RED-0005.jpg,6,train
ESP_012307_0940_RED-0116.jpg,6,train
ESP_012307_0940_RED-0116.jpg,6,train
ESP_012307_0940_RED-0125.jpg,6,test
ESP_012307_0940_RED-0125.jpg,6,train
ESP_012333_0945_RED-0094.jpg,6,train
ESP_012333_0945_RED-0094.jpg,6,train
ESP_012333_0945_RED-0124.jpg,6,train
ESP_012333_0945_RED-0124.jpg,6,train
ESP_012363_0870_RED-0001.jpg,6,train
ESP_012363_0870_RED-0001.jpg,6,train
ESP_012363_0870_RED-0004.jpg,6,train
ESP_012363_0870_RED-0004.jpg,6,train
ESP_012363_0870_RED-0010.jpg,6,train
ESP_012363_0870_RED-0010.jpg,6,train
ESP_012363_0870_RED-0019.jpg,6,train
ESP_012363_0870_RED-0019.jpg,6,train
ESP_012363_0870_RED-0028.jpg,6,train
ESP_012363_0870_RED-0028.jpg,6,train
ESP_012373_0930_RED-0004.jpg,6,train
ESP_012373_0930_RED-0004.jpg,6,train
ESP_012373_0930_RED-0009.jpg,6,train
ESP_012373_0930_RED-0009.jpg,6,train
ESP_012373_0930_RED-0029.jpg,6,train
ESP_012373_0930_RED-0029.jpg,6,train
ESP_012373_0930_RED-0036.jpg,6,train
ESP_012373_0930_RED-0036.jpg,6,train
ESP_012373_0930_RED-0045.jpg,6,train
ESP_012373_0930_RED-0045.jpg,6,train
ESP_012373_0930_RED-0050.jpg,6,train
ESP_012373_0930_RED-0050.jpg,6,train
ESP_012373_0930_RED-0059.jpg,6,train
ESP_012373_0930_RED-0059.jpg,6,train
ESP_012373_0930_RED-0070.jpg,6,train
ESP_012373_0930_RED-0070.jpg,6,train
ESP_012373_0930_RED-0080.jpg,6,train
ESP_012373_0930_RED-0080.jpg,6,train
ESP_012373_0930_RED-0087.jpg,6,train
ESP_012373_0930_RED-0087.jpg,6,train
ESP_012373_0930_RED-0088.jpg,6,test
ESP_012373_0930_RED-0088.jpg,6,train
ESP_012373_0930_RED-0105.jpg,6,train
ESP_012373_0930_RED-0105.jpg,6,train
ESP_012373_0930_RED-0112.jpg,6,train
ESP_012373_0930_RED-0112.jpg,6,train
ESP_012373_0930_RED-0147.jpg,6,train
ESP_012373_0930_RED-0147.jpg,6,test
ESP_012373_0930_RED-0160.jpg,6,train
ESP_012373_0930_RED-0160.jpg,6,train
ESP_012373_0930_RED-0164.jpg,6,train
ESP_012373_0930_RED-0164.jpg,6,train
ESP_012373_0930_RED-0165.jpg,6,train
ESP_012373_0930_RED-0165.jpg,6,train
ESP_012373_0930_RED-0170.jpg,6,train
ESP_012373_0930_RED-0170.jpg,6,train
ESP_012373_0930_RED-0185.jpg,6,train
ESP_012373_0930_RED-0185.jpg,6,train
ESP_012494_2050_RED-0050.jpg,1,test
ESP_012494_2050_RED-0052.jpg,1,train
ESP_012494_2050_RED-0052.jpg,1,train
ESP_012494_2050_RED-0052.jpg,1,train
ESP_012494_2050_RED-0064.jpg,1,train
ESP_012494_2050_RED-0066.jpg,1,test
ESP_012494_2050_RED-0066.jpg,1,train
ESP_012494_2050_RED-0066.jpg,1,train
ESP_012494_2050_RED-0092.jpg,1,train
ESP_012494_2050_RED-0094.jpg,1,train
ESP_012494_2050_RED-0108.jpg,1,train
ESP_012494_2050_RED-0110.jpg,1,train
ESP_012494_2050_RED-0116.jpg,1,train
ESP_012494_2050_RED-0116.jpg,1,train
ESP_012494_2050_RED-0116.jpg,1,train
ESP_012494_2050_RED-0126.jpg,1,test
ESP_012494_2050_RED-0132.jpg,1,train
ESP_012494_2050_RED-0132.jpg,1,test
ESP_012494_2050_RED-0132.jpg,1,train
ESP_012494_2050_RED-0140.jpg,1,train
ESP_012494_2050_RED-0163.jpg,1,train
ESP_012494_2050_RED-0164.jpg,5,train
ESP_012494_2050_RED-0164.jpg,5,train
ESP_012494_2050_RED-0164.jpg,5,train
ESP_012494_2050_RED-0172.jpg,1,train
ESP_012558_0950_RED-0021.jpg,6,val
ESP_012558_0950_RED-0021.jpg,6,val
ESP_012558_0950_RED-0031.jpg,6,val
ESP_012558_0950_RED-0031.jpg,6,val
ESP_012558_0950_RED-0058.jpg,6,val
ESP_012558_0950_RED-0058.jpg,6,val
ESP_012558_0950_RED-0080.jpg,6,val
ESP_012558_0950_RED-0080.jpg,6,val
ESP_012560_1660_RED-0038.jpg,5,train
ESP_012560_1660_RED-0042.jpg,1,train
ESP_012560_1660_RED-0054.jpg,5,train
ESP_012571_0930_RED-0006.jpg,6,train
ESP_012571_0930_RED-0006.jpg,6,train
ESP_012571_0930_RED-0064.jpg,6,train
ESP_012571_0930_RED-0064.jpg,6,train
ESP_012571_0930_RED-0110.jpg,6,train
ESP_012571_0930_RED-0110.jpg,6,train
ESP_012588_0930_RED-0008.jpg,6,test
ESP_012588_0930_RED-0008.jpg,6,val
ESP_012588_0930_RED-0031.jpg,6,val
ESP_012588_0930_RED-0031.jpg,6,test
ESP_012588_1855_RED-0228.jpg,5,test
ESP_012588_1855_RED-0310.jpg,5,val
ESP_012588_1855_RED-0322.jpg,5,val
ESP_012637_0935_RED-0001.jpg,6,train
ESP_012637_0935_RED-0001.jpg,6,train
ESP_012637_0935_RED-0029.jpg,6,train
ESP_012637_0935_RED-0029.jpg,6,train
ESP_012637_0935_RED-0053.jpg,6,train
ESP_012637_0935_RED-0053.jpg,6,train
ESP_012637_0935_RED-0056.jpg,6,test
ESP_012637_0935_RED-0056.jpg,6,train
ESP_012637_0935_RED-0102.jpg,6,train
ESP_012637_0935_RED-0102.jpg,6,train
ESP_012637_0935_RED-0107.jpg,6,train
ESP_012637_0935_RED-0107.jpg,6,train
ESP_012637_0935_RED-0176.jpg,6,train
ESP_012637_0935_RED-0176.jpg,6,train
ESP_012637_0935_RED-0191.jpg,6,train
ESP_012637_0935_RED-0191.jpg,6,train
ESP_012637_0935_RED-0236.jpg,6,train
ESP_012637_0935_RED-0236.jpg,6,train
ESP_012637_0935_RED-0248.jpg,6,train
ESP_012637_0935_RED-0248.jpg,6,train
ESP_012637_0935_RED-0277.jpg,6,train
ESP_012637_0935_RED-0277.jpg,6,train
ESP_012637_0935_RED-0320.jpg,6,train
ESP_012637_0935_RED-0320.jpg,6,train
ESP_012637_0935_RED-0346.jpg,6,train
ESP_012637_0935_RED-0346.jpg,6,test
ESP_012637_0935_RED-0380.jpg,6,train
ESP_012637_0935_RED-0380.jpg,6,train
ESP_012637_0935_RED-0404.jpg,6,train
ESP_012637_0935_RED-0404.jpg,6,train
ESP_012652_0950_RED-0003.jpg,6,val
ESP_012652_0950_RED-0003.jpg,6,val
ESP_012652_0950_RED-0077.jpg,6,val
ESP_012652_0950_RED-0077.jpg,6,val
ESP_012652_0950_RED-0126.jpg,6,val
ESP_012652_0950_RED-0126.jpg,6,val
ESP_012652_0950_RED-0143.jpg,6,val
ESP_012652_0950_RED-0143.jpg,6,val
ESP_012652_0950_RED-0149.jpg,6,test
ESP_012652_0950_RED-0149.jpg,6,val
ESP_012652_0950_RED-0157.jpg,6,val
ESP_012652_0950_RED-0157.jpg,6,test
ESP_012687_1930_RED-0013.jpg,3,test
ESP_012687_1930_RED-0017.jpg,3,test
ESP_012687_1930_RED-0018.jpg,3,test
ESP_012687_1930_RED-0026.jpg,3,test
ESP_012687_1930_RED-0027.jpg,3,test
ESP_012687_1930_RED-0041.jpg,3,test
ESP_012687_1930_RED-0043.jpg,3,test
ESP_012687_1930_RED-0046.jpg,3,test
ESP_012687_1930_RED-0048.jpg,3,test
ESP_012687_1930_RED-0049.jpg,3,test
ESP_012687_1930_RED-0050.jpg,3,test
ESP_012687_1930_RED-0051.jpg,3,test
ESP_012687_1930_RED-0055.jpg,3,test
ESP_012687_1930_RED-0056.jpg,3,test
ESP_012687_1930_RED-0070.jpg,3,test
ESP_012687_1930_RED-0074.jpg,3,test
ESP_012687_1930_RED-0079.jpg,3,test
ESP_012687_1930_RED-0080.jpg,3,test
ESP_012687_1930_RED-0092.jpg,3,test
ESP_012687_1930_RED-0093.jpg,3,test
ESP_012687_1930_RED-0132.jpg,1,test
ESP_012687_1930_RED-0133.jpg,1,test
ESP_012687_1930_RED-0138.jpg,3,test
ESP_012700_2025_RED-0011.jpg,3,train
ESP_012700_2025_RED-0012.jpg,3,train
ESP_012700_2025_RED-0016.jpg,3,train
ESP_012700_2025_RED-0017.jpg,3,train
ESP_012700_2025_RED-0022.jpg,3,train
ESP_012700_2025_RED-0025.jpg,3,train
ESP_012700_2025_RED-0027.jpg,3,train
ESP_012700_2025_RED-0028.jpg,3,train
ESP_012700_2025_RED-0031.jpg,3,train
ESP_012700_2025_RED-0038.jpg,3,train
ESP_012700_2025_RED-0040.jpg,3,train
ESP_012700_2025_RED-0078.jpg,3,train
ESP_012700_2025_RED-0079.jpg,3,train
ESP_012700_2025_RED-0080.jpg,3,train
ESP_012700_2025_RED-0087.jpg,1,train
ESP_012810_0925_RED-0010.jpg,6,train
ESP_012810_0925_RED-0012.jpg,6,train
ESP_012810_0925_RED-0015.jpg,6,train
ESP_012810_0925_RED-0021.jpg,6,train
ESP_012810_0925_RED-0023.jpg,6,train
ESP_012810_0925_RED-0026.jpg,6,train
ESP_012810_0925_RED-0027.jpg,6,train
ESP_012810_0925_RED-0028.jpg,6,train
ESP_012810_0925_RED-0029.jpg,6,train
ESP_012810_0925_RED-0030.jpg,6,train
ESP_012810_0925_RED-0031.jpg,6,train
ESP_012810_0925_RED-0033.jpg,6,train
ESP_012810_0925_RED-0034.jpg,6,train
ESP_012810_0925_RED-0038.jpg,6,train
ESP_012810_0925_RED-0040.jpg,6,train
ESP_012810_0925_RED-0042.jpg,6,train
ESP_012810_0925_RED-0043.jpg,6,train
ESP_012810_0925_RED-0044.jpg,6,train
ESP_012810_0925_RED-0049.jpg,6,train
ESP_012810_0925_RED-0054.jpg,6,train
ESP_012810_0925_RED-0058.jpg,6,train
ESP_012810_0925_RED-0060.jpg,6,train
ESP_012810_0925_RED-0061.jpg,6,train
ESP_012810_0925_RED-0063.jpg,6,train
ESP_012810_0925_RED-0064.jpg,6,train
ESP_012810_0925_RED-0066.jpg,6,train
ESP_012810_0925_RED-0068.jpg,6,train
ESP_012810_0925_RED-0070.jpg,6,train
ESP_012810_0925_RED-0071.jpg,6,train
ESP_012810_0925_RED-0076.jpg,6,train
ESP_012810_0925_RED-0080.jpg,6,train
ESP_012810_0925_RED-0081.jpg,6,train
ESP_012810_0925_RED-0083.jpg,6,train
ESP_012810_0925_RED-0084.jpg,6,train
ESP_012810_0925_RED-0085.jpg,6,train
ESP_012810_0925_RED-0086.jpg,6,train
ESP_012810_0925_RED-0087.jpg,6,train
ESP_012810_0925_RED-0089.jpg,6,test
ESP_012810_0925_RED-0090.jpg,6,train
ESP_012810_0925_RED-0092.jpg,6,train
ESP_012810_0925_RED-0093.jpg,6,train
ESP_012810_0925_RED-0094.jpg,6,train
ESP_012810_0925_RED-0095.jpg,6,train
ESP_012810_0925_RED-0096.jpg,6,train
ESP_012810_0925_RED-0098.jpg,6,train
ESP_012810_0925_RED-0099.jpg,6,train
ESP_012810_0925_RED-0100.jpg,6,train
ESP_012810_0925_RED-0101.jpg,6,train
ESP_012810_0925_RED-0104.jpg,6,train
ESP_012810_0925_RED-0107.jpg,6,train
ESP_012810_0925_RED-0108.jpg,6,test
ESP_012810_0925_RED-0109.jpg,6,train
ESP_012810_0925_RED-0111.jpg,6,train
ESP_012810_0925_RED-0112.jpg,6,train
ESP_012810_0925_RED-0113.jpg,6,train
ESP_012810_0925_RED-0115.jpg,6,train
ESP_012810_0925_RED-0116.jpg,6,train
ESP_012810_0925_RED-0117.jpg,6,train
ESP_012810_0925_RED-0119.jpg,6,train
ESP_012810_0925_RED-0120.jpg,6,train
ESP_012810_0925_RED-0121.jpg,6,train
ESP_012810_0925_RED-0122.jpg,6,test
ESP_012810_0925_RED-0124.jpg,6,test
ESP_012810_0925_RED-0128.jpg,6,train
ESP_012810_0925_RED-0129.jpg,6,train
ESP_012810_0925_RED-0130.jpg,6,train
ESP_012810_0925_RED-0132.jpg,6,train
ESP_012810_0925_RED-0133.jpg,6,train
ESP_012810_0925_RED-0134.jpg,6,train
ESP_012810_0925_RED-0135.jpg,6,train
ESP_012810_0925_RED-0139.jpg,6,train
ESP_012810_0925_RED-0140.jpg,6,train
ESP_012810_0925_RED-0141.jpg,6,train
ESP_012810_0925_RED-0142.jpg,6,train
ESP_012810_0925_RED-0147.jpg,6,train
ESP_012810_0925_RED-0149.jpg,6,train
ESP_012810_0925_RED-0150.jpg,6,train
ESP_012810_0925_RED-0151.jpg,6,train
ESP_012810_0925_RED-0153.jpg,6,train
ESP_012810_0925_RED-0154.jpg,6,train
ESP_012810_0925_RED-0160.jpg,6,train
ESP_012810_0925_RED-0166.jpg,6,train
ESP_012838_0950_RED-0003.jpg,7,train
ESP_012838_0950_RED-0003.jpg,7,train
ESP_012971_2015_RED-0000.jpg,1,val
ESP_012971_2015_RED-0008.jpg,3,train
ESP_012971_2015_RED-0014.jpg,1,val
ESP_012971_2015_RED-0032.jpg,3,val
ESP_012971_2015_RED-0035.jpg,3,val
ESP_012971_2015_RED-0038.jpg,1,val
ESP_012971_2015_RED-0044.jpg,3,train
ESP_012971_2015_RED-0058.jpg,3,val
ESP_012971_2015_RED-0066.jpg,1,val
ESP_012971_2015_RED-0076.jpg,3,val
ESP_012971_2015_RED-0101.jpg,3,train
ESP_012971_2015_RED-0116.jpg,3,val
ESP_012971_2015_RED-0132.jpg,3,val
ESP_012971_2015_RED-0139.jpg,3,val
ESP_012971_2015_RED-0148.jpg,3,val
ESP_012971_2015_RED-0154.jpg,3,val
ESP_012971_2015_RED-0188.jpg,3,val
ESP_012971_2015_RED-0195.jpg,3,val
ESP_012971_2015_RED-0203.jpg,3,val
ESP_012971_2015_RED-0205.jpg,3,train
ESP_012971_2015_RED-0208.jpg,3,val
ESP_012971_2015_RED-0228.jpg,3,train
ESP_012971_2015_RED-0235.jpg,3,test
ESP_012971_2015_RED-0238.jpg,3,val
ESP_012971_2015_RED-0266.jpg,3,train
ESP_012971_2015_RED-0309.jpg,3,train
ESP_012971_2015_RED-0324.jpg,1,val
ESP_012971_2015_RED-0328.jpg,3,val
ESP_012971_2015_RED-0336.jpg,3,val
ESP_012971_2015_RED-0354.jpg,1,val
ESP_012971_2015_RED-0362.jpg,1,val
ESP_012971_2015_RED-0384.jpg,3,val
ESP_012971_2015_RED-0393.jpg,1,val
ESP_012971_2015_RED-0407.jpg,1,test
ESP_012971_2015_RED-0408.jpg,1,test
ESP_012971_2015_RED-0416.jpg,1,val
ESP_012971_2015_RED-0417.jpg,1,val
ESP_012971_2015_RED-0436.jpg,3,train
ESP_013024_2265_RED-0164.jpg,5,train
ESP_013049_0950_RED-0007.jpg,7,train
ESP_013049_0950_RED-0007.jpg,7,train
ESP_013049_0950_RED-0010.jpg,7,train
ESP_013049_0950_RED-0010.jpg,7,train
ESP_013049_0950_RED-0012.jpg,7,train
ESP_013049_0950_RED-0012.jpg,7,train
ESP_013049_0950_RED-0013.jpg,7,train
ESP_013049_0950_RED-0013.jpg,7,train
ESP_013049_0950_RED-0015.jpg,7,train
ESP_013049_0950_RED-0015.jpg,7,train
ESP_013049_0950_RED-0030.jpg,7,train
ESP_013049_0950_RED-0030.jpg,7,train
ESP_013049_0950_RED-0032.jpg,7,train
ESP_013049_0950_RED-0032.jpg,7,train
ESP_013049_0950_RED-0037.jpg,7,train
ESP_013049_0950_RED-0037.jpg,7,train
ESP_013049_0950_RED-0040.jpg,7,train
ESP_013049_0950_RED-0040.jpg,7,train
ESP_013049_0950_RED-0043.jpg,7,train
ESP_013049_0950_RED-0043.jpg,7,train
ESP_013049_0950_RED-0050.jpg,7,train
ESP_013049_0950_RED-0050.jpg,7,train
ESP_013049_0950_RED-0058.jpg,7,train
ESP_013049_0950_RED-0058.jpg,7,train
ESP_013049_0950_RED-0059.jpg,7,train
ESP_013049_0950_RED-0059.jpg,7,train
ESP_013049_0950_RED-0060.jpg,7,train
ESP_013049_0950_RED-0060.jpg,7,train
ESP_013049_0950_RED-0063.jpg,7,train
ESP_013049_0950_RED-0063.jpg,7,train
ESP_013049_0950_RED-0067.jpg,7,train
ESP_013049_0950_RED-0067.jpg,7,train
ESP_013049_0950_RED-0069.jpg,7,train
ESP_013049_0950_RED-0069.jpg,7,train
ESP_013049_0950_RED-0071.jpg,7,train
ESP_013049_0950_RED-0071.jpg,7,train
ESP_013049_0950_RED-0073.jpg,7,train
ESP_013049_0950_RED-0073.jpg,7,train
ESP_013049_0950_RED-0075.jpg,7,train
ESP_013049_0950_RED-0075.jpg,7,train
ESP_013049_0950_RED-0076.jpg,7,train
ESP_013049_0950_RED-0076.jpg,7,train
ESP_013049_0950_RED-0086.jpg,7,train
ESP_013049_0950_RED-0086.jpg,7,train
ESP_013049_0950_RED-0088.jpg,7,train
ESP_013049_0950_RED-0088.jpg,7,train
ESP_013049_0950_RED-0089.jpg,7,train
ESP_013049_0950_RED-0089.jpg,7,train
ESP_013049_0950_RED-0097.jpg,7,train
ESP_013049_0950_RED-0097.jpg,7,train
ESP_013049_0950_RED-0102.jpg,7,train
ESP_013049_0950_RED-0102.jpg,7,train
ESP_013049_0950_RED-0108.jpg,7,train
ESP_013049_0950_RED-0108.jpg,7,train
ESP_013049_0950_RED-0112.jpg,7,train
ESP_013049_0950_RED-0112.jpg,7,train
ESP_013049_0950_RED-0117.jpg,7,train
ESP_013049_0950_RED-0117.jpg,7,train
ESP_013049_0950_RED-0118.jpg,7,train
ESP_013049_0950_RED-0118.jpg,7,train
ESP_013049_0950_RED-0119.jpg,7,train
ESP_013049_0950_RED-0119.jpg,7,train
ESP_013049_0950_RED-0122.jpg,7,train
ESP_013049_0950_RED-0122.jpg,7,train
ESP_013049_0950_RED-0123.jpg,7,train
ESP_013049_0950_RED-0123.jpg,7,train
ESP_013049_0950_RED-0125.jpg,7,train
ESP_013049_0950_RED-0125.jpg,7,train
ESP_013049_0950_RED-0134.jpg,7,train
ESP_013049_0950_RED-0134.jpg,7,train
ESP_013049_0950_RED-0143.jpg,7,train
ESP_013049_0950_RED-0143.jpg,7,train
ESP_013049_0950_RED-0152.jpg,7,train
ESP_013049_0950_RED-0152.jpg,7,train
ESP_013049_0950_RED-0158.jpg,7,train
ESP_013049_0950_RED-0158.jpg,7,train
ESP_013049_0950_RED-0160.jpg,7,train
ESP_013049_0950_RED-0160.jpg,7,train
ESP_013049_0950_RED-0161.jpg,7,train
ESP_013049_0950_RED-0161.jpg,7,train
ESP_013049_0950_RED-0162.jpg,7,train
ESP_013049_0950_RED-0162.jpg,7,train
ESP_013049_0950_RED-0165.jpg,7,train
ESP_013049_0950_RED-0165.jpg,7,train
ESP_013049_0950_RED-0169.jpg,7,train
ESP_013049_0950_RED-0169.jpg,7,train
ESP_013049_0950_RED-0173.jpg,7,train
ESP_013049_0950_RED-0173.jpg,7,train
ESP_013049_0950_RED-0178.jpg,7,train
ESP_013049_0950_RED-0178.jpg,7,train
ESP_013049_0950_RED-0188.jpg,7,train
ESP_013049_0950_RED-0188.jpg,7,train
ESP_013049_0950_RED-0208.jpg,7,train
ESP_013049_0950_RED-0208.jpg,7,train
ESP_013049_0950_RED-0209.jpg,7,train
ESP_013049_0950_RED-0209.jpg,7,train
ESP_013049_0950_RED-0211.jpg,7,train
ESP_013049_0950_RED-0211.jpg,7,train
ESP_013049_0950_RED-0214.jpg,7,train
ESP_013049_0950_RED-0214.jpg,7,train
ESP_013049_0950_RED-0218.jpg,7,train
ESP_013049_0950_RED-0218.jpg,7,train
ESP_013049_0950_RED-0230.jpg,7,train
ESP_013049_0950_RED-0230.jpg,7,train
ESP_013049_0950_RED-0233.jpg,7,train
ESP_013049_0950_RED-0233.jpg,7,train
ESP_013049_0950_RED-0235.jpg,7,train
ESP_013049_0950_RED-0235.jpg,7,train
ESP_013049_0950_RED-0236.jpg,7,train
ESP_013049_0950_RED-0236.jpg,7,train
ESP_013049_0950_RED-0238.jpg,7,train
ESP_013049_0950_RED-0238.jpg,7,train
ESP_013049_0950_RED-0240.jpg,7,train
ESP_013049_0950_RED-0240.jpg,7,train
ESP_013141_2105_RED-0004.jpg,3,train
ESP_013141_2105_RED-0007.jpg,3,train
ESP_013141_2105_RED-0008.jpg,3,train
ESP_013141_2105_RED-0014.jpg,3,train
ESP_013141_2105_RED-0015.jpg,3,train
ESP_013141_2105_RED-0053.jpg,3,train
ESP_013141_2105_RED-0054.jpg,3,train
ESP_013141_2105_RED-0056.jpg,3,train
ESP_013141_2105_RED-0068.jpg,3,train
ESP_013141_2105_RED-0070.jpg,3,train
ESP_013141_2105_RED-0071.jpg,3,train
ESP_013141_2105_RED-0072.jpg,3,train
ESP_013141_2105_RED-0073.jpg,3,train
ESP_013141_2105_RED-0081.jpg,3,train
ESP_013141_2105_RED-0087.jpg,3,train
ESP_013141_2105_RED-0088.jpg,3,train
ESP_013141_2105_RED-0093.jpg,3,train
ESP_013141_2105_RED-0122.jpg,3,train
ESP_013141_2105_RED-0132.jpg,3,train
ESP_013141_2105_RED-0141.jpg,3,train
ESP_013161_1715_RED-0040.jpg,1,test
ESP_013161_1715_RED-0047.jpg,1,test
ESP_013161_1715_RED-0048.jpg,1,test
ESP_013161_1715_RED-0049.jpg,1,test
ESP_013161_1715_RED-0057.jpg,1,test
ESP_013161_1715_RED-0058.jpg,5,test
ESP_013161_1715_RED-0065.jpg,5,test
ESP_013161_1715_RED-0071.jpg,1,test
ESP_013161_1715_RED-0081.jpg,5,test
ESP_013161_1715_RED-0112.jpg,1,test
ESP_013161_1715_RED-0119.jpg,1,test
ESP_013161_1715_RED-0131.jpg,1,test
ESP_013161_1715_RED-0144.jpg,1,test
ESP_013257_2110_RED-0220.jpg,1,test
ESP_013281_1930_RED-0002.jpg,1,train
ESP_013281_1930_RED-0012.jpg,1,train
ESP_013281_1930_RED-0016.jpg,1,train
ESP_013281_1930_RED-0018.jpg,1,train
ESP_013281_1930_RED-0072.jpg,1,train
ESP_013281_1930_RED-0077.jpg,1,train
ESP_013788_1910_RED-0231.jpg,3,test
ESP_013788_1910_RED-0281.jpg,5,test
ESP_013788_1910_RED-0295.jpg,1,test
ESP_013799_1755_RED-0012.jpg,1,test
ESP_013799_1755_RED-0028.jpg,5,test
ESP_013799_1755_RED-0033.jpg,1,test
ESP_013799_1755_RED-0035.jpg,1,test
ESP_013799_1755_RED-0037.jpg,1,test
ESP_013799_1755_RED-0044.jpg,1,test
ESP_013799_1755_RED-0047.jpg,1,test
ESP_013799_1755_RED-0049.jpg,1,test
ESP_013799_1755_RED-0051.jpg,1,test
ESP_013827_0950_RED-0033.jpg,2,train
ESP_013827_0950_RED-0033.jpg,2,train
ESP_014079_1715_RED-0528.jpg,3,val
ESP_014156_1865_RED-0023.jpg,3,test
ESP_014156_1865_RED-0058.jpg,3,train
ESP_014156_1865_RED-0066.jpg,3,val
ESP_014156_1865_RED-0112.jpg,3,val
ESP_014380_0945_RED-0000.jpg,6,train
ESP_014380_0945_RED-0003.jpg,6,train
ESP_014380_0945_RED-0013.jpg,6,train
ESP_014429_1940_RED-0017.jpg,2,train
ESP_014429_1940_RED-0028.jpg,2,train
ESP_014429_1940_RED-0031.jpg,2,train
ESP_014429_1940_RED-0032.jpg,2,train
ESP_014429_1940_RED-0069.jpg,2,train
ESP_014429_1940_RED-0079.jpg,2,train
ESP_014429_1940_RED-0081.jpg,2,train
ESP_014429_1940_RED-0092.jpg,2,train
ESP_014429_1940_RED-0115.jpg,2,train
ESP_014429_1940_RED-0134.jpg,2,train
ESP_014429_1940_RED-0137.jpg,2,train
ESP_014429_1940_RED-0283.jpg,1,train
ESP_015897_2655_RED-0010.jpg,2,val
ESP_015897_2655_RED-0010.jpg,2,val
ESP_015897_2655_RED-0013.jpg,5,val
ESP_015897_2655_RED-0013.jpg,5,test
ESP_015897_2655_RED-0015.jpg,7,val
ESP_015897_2655_RED-0015.jpg,7,val
ESP_015897_2655_RED-0018.jpg,5,val
ESP_015897_2655_RED-0018.jpg,5,val
ESP_015897_2655_RED-0019.jpg,7,val
ESP_015897_2655_RED-0019.jpg,7,test
ESP_015897_2655_RED-0020.jpg,7,val
ESP_015897_2655_RED-0020.jpg,7,val
ESP_015897_2655_RED-0021.jpg,7,val
ESP_015897_2655_RED-0021.jpg,7,val
ESP_015897_2655_RED-0023.jpg,5,val
ESP_015897_2655_RED-0023.jpg,5,val
ESP_015897_2655_RED-0025.jpg,7,val
ESP_015897_2655_RED-0025.jpg,7,val
ESP_015897_2655_RED-0028.jpg,2,val
ESP_015897_2655_RED-0028.jpg,2,val
ESP_015897_2655_RED-0035.jpg,7,val
ESP_015897_2655_RED-0035.jpg,7,val
ESP_015897_2655_RED-0036.jpg,5,val
ESP_015897_2655_RED-0036.jpg,5,test
ESP_015897_2655_RED-0038.jpg,7,val
ESP_015897_2655_RED-0038.jpg,7,val
ESP_015897_2655_RED-0039.jpg,5,test
ESP_015897_2655_RED-0039.jpg,5,val
ESP_015897_2655_RED-0042.jpg,7,test
ESP_015897_2655_RED-0042.jpg,7,val
ESP_015897_2655_RED-0044.jpg,5,val
ESP_015897_2655_RED-0044.jpg,5,val
ESP_015897_2655_RED-0049.jpg,7,test
ESP_015897_2655_RED-0049.jpg,7,val
ESP_015897_2655_RED-0052.jpg,7,test
ESP_015897_2655_RED-0052.jpg,7,val
ESP_015897_2655_RED-0060.jpg,5,val
ESP_015897_2655_RED-0060.jpg,5,val
ESP_015962_1695_RED-0000.jpg,1,train
ESP_015962_1695_RED-0000.jpg,1,test
ESP_015962_1695_RED-0009.jpg,1,train
ESP_015962_1695_RED-0009.jpg,1,train
ESP_015962_1695_RED-0010.jpg,1,train
ESP_015962_1695_RED-0010.jpg,1,train
ESP_015962_1695_RED-0016.jpg,1,train
ESP_015962_1695_RED-0016.jpg,1,train
ESP_015962_1695_RED-0017.jpg,1,test
ESP_015962_1695_RED-0017.jpg,1,train
ESP_016095_2655_RED-0008.jpg,7,test
ESP_016095_2655_RED-0008.jpg,7,val
ESP_016095_2655_RED-0013.jpg,2,val
ESP_016095_2655_RED-0013.jpg,2,val
ESP_016095_2655_RED-0015.jpg,7,val
ESP_016095_2655_RED-0015.jpg,7,val
ESP_016095_2655_RED-0024.jpg,2,val
ESP_016095_2655_RED-0024.jpg,2,val
ESP_016095_2655_RED-0031.jpg,7,val
ESP_016095_2655_RED-0031.jpg,7,val
ESP_016095_2655_RED-0032.jpg,5,val
ESP_016095_2655_RED-0032.jpg,5,val
ESP_016095_2655_RED-0035.jpg,7,val
ESP_016095_2655_RED-0035.jpg,7,val
ESP_016095_2655_RED-0036.jpg,5,test
ESP_016095_2655_RED-0036.jpg,5,test
ESP_016095_2655_RED-0040.jpg,7,val
ESP_016095_2655_RED-0040.jpg,7,val
ESP_016095_2655_RED-0041.jpg,7,val
ESP_016095_2655_RED-0041.jpg,7,test
ESP_016095_2655_RED-0046.jpg,5,test
ESP_016095_2655_RED-0046.jpg,5,val
ESP_016095_2655_RED-0047.jpg,5,test
ESP_016095_2655_RED-0047.jpg,5,val
ESP_016095_2655_RED-0049.jpg,7,val
ESP_016095_2655_RED-0049.jpg,7,val
ESP_016095_2655_RED-0051.jpg,7,val
ESP_016095_2655_RED-0051.jpg,7,val
ESP_016095_2655_RED-0052.jpg,5,val
ESP_016095_2655_RED-0052.jpg,5,val
ESP_016095_2655_RED-0054.jpg,7,val
ESP_016095_2655_RED-0054.jpg,7,val
ESP_016148_2040_RED-0001.jpg,3,train
ESP_016148_2040_RED-0011.jpg,3,train
ESP_016148_2040_RED-0017.jpg,1,train
ESP_016148_2040_RED-0021.jpg,3,train
ESP_016148_2040_RED-0053.jpg,3,train
ESP_016148_2040_RED-0073.jpg,1,train
ESP_016148_2040_RED-0097.jpg,1,train
ESP_016148_2040_RED-0132.jpg,3,train
ESP_016148_2040_RED-0133.jpg,3,train
ESP_016148_2040_RED-0136.jpg,3,train
ESP_016148_2040_RED-0197.jpg,3,train
ESP_016148_2040_RED-0200.jpg,3,train
ESP_016148_2040_RED-0216.jpg,3,train
ESP_016148_2040_RED-0222.jpg,3,train
ESP_016151_1445_RED-0173.jpg,1,train
ESP_016151_1445_RED-0202.jpg,1,train
ESP_016151_1445_RED-0256.jpg,1,test
ESP_016151_1445_RED-0294.jpg,1,train
ESP_016151_1445_RED-0309.jpg,1,train
ESP_016151_1445_RED-0390.jpg,1,train
ESP_016151_1445_RED-0404.jpg,1,test
ESP_016240_2655_RED-0001.jpg,2,val
ESP_016240_2655_RED-0001.jpg,2,val
ESP_016240_2655_RED-0003.jpg,2,val
ESP_016240_2655_RED-0003.jpg,2,val
ESP_016240_2655_RED-0015.jpg,2,val
ESP_016240_2655_RED-0015.jpg,2,val
ESP_016240_2655_RED-0019.jpg,7,val
ESP_016240_2655_RED-0019.jpg,7,val
ESP_016240_2655_RED-0029.jpg,7,val
ESP_016240_2655_RED-0029.jpg,7,val
ESP_016240_2655_RED-0030.jpg,7,val
ESP_016240_2655_RED-0030.jpg,7,val
ESP_016240_2655_RED-0033.jpg,5,test
ESP_016240_2655_RED-0033.jpg,5,val
ESP_016240_2655_RED-0038.jpg,7,val
ESP_016240_2655_RED-0038.jpg,7,val
ESP_016517_2655_RED-0001.jpg,2,train
ESP_016517_2655_RED-0001.jpg,2,train
ESP_016517_2655_RED-0013.jpg,2,train
ESP_016517_2655_RED-0013.jpg,2,train
ESP_016517_2655_RED-0020.jpg,2,train
ESP_016517_2655_RED-0020.jpg,2,train
ESP_016517_2655_RED-0026.jpg,7,train
ESP_016517_2655_RED-0026.jpg,7,train
ESP_016530_1465_RED-0032.jpg,1,test
ESP_016530_1465_RED-0040.jpg,1,train
ESP_016530_1465_RED-0090.jpg,1,train
ESP_016530_1465_RED-0097.jpg,1,train
ESP_016530_1465_RED-0110.jpg,1,train
ESP_016530_1465_RED-0111.jpg,1,train
ESP_016530_1465_RED-0215.jpg,1,test
ESP_016530_1465_RED-0271.jpg,1,train
ESP_016530_1465_RED-0381.jpg,1,train
ESP_016530_1465_RED-0386.jpg,1,train
ESP_016570_2050_RED-0074.jpg,3,train
ESP_016570_2050_RED-0078.jpg,3,val
ESP_016570_2050_RED-0083.jpg,3,test
ESP_016570_2050_RED-0087.jpg,3,train
ESP_016570_2050_RED-0092.jpg,3,train
ESP_016570_2050_RED-0097.jpg,3,val
ESP_016570_2050_RED-0098.jpg,3,val
ESP_016570_2050_RED-0104.jpg,3,val
ESP_016570_2050_RED-0106.jpg,3,train
ESP_016570_2050_RED-0108.jpg,3,train
ESP_016570_2050_RED-0120.jpg,3,train
ESP_016570_2050_RED-0121.jpg,3,train
ESP_016570_2050_RED-0129.jpg,3,test
ESP_016570_2050_RED-0133.jpg,3,val
ESP_016570_2050_RED-0134.jpg,3,val
ESP_016572_1875_RED-0026.jpg,1,train
ESP_016572_1875_RED-0050.jpg,1,train
ESP_016572_1875_RED-0053.jpg,1,train
ESP_016572_1875_RED-0133.jpg,1,train
ESP_016572_1875_RED-0136.jpg,1,train
ESP_016576_2570_RED-0002.jpg,4,val
ESP_016576_2570_RED-0004.jpg,4,val
ESP_016576_2570_RED-0005.jpg,4,val
ESP_016576_2570_RED-0015.jpg,4,val
ESP_016576_2570_RED-0016.jpg,4,val
ESP_016576_2570_RED-0017.jpg,4,val
ESP_016576_2570_RED-0018.jpg,4,val
ESP_016576_2570_RED-0019.jpg,4,val
ESP_016576_2570_RED-0020.jpg,4,val
ESP_016576_2570_RED-0023.jpg,4,val
ESP_016576_2570_RED-0024.jpg,4,val
ESP_016607_2080_RED-0001.jpg,1,val
ESP_016607_2080_RED-0002.jpg,1,val
ESP_016607_2080_RED-0003.jpg,1,val
ESP_016607_2080_RED-0012.jpg,1,val
ESP_016607_2080_RED-0013.jpg,1,test
ESP_016607_2080_RED-0014.jpg,1,val
ESP_016607_2080_RED-0022.jpg,1,test
ESP_016607_2080_RED-0023.jpg,1,val
ESP_016607_2080_RED-0028.jpg,1,val
ESP_016607_2080_RED-0029.jpg,1,val
ESP_016607_2080_RED-0031.jpg,1,val
ESP_016607_2080_RED-0033.jpg,1,val
ESP_016607_2080_RED-0035.jpg,1,val
ESP_016607_2080_RED-0047.jpg,1,val
ESP_016607_2080_RED-0052.jpg,1,test
ESP_016607_2080_RED-0062.jpg,1,val
ESP_016607_2080_RED-0064.jpg,1,val
ESP_016607_2080_RED-0076.jpg,1,val
ESP_016607_2080_RED-0081.jpg,1,val
ESP_016607_2080_RED-0099.jpg,1,val
ESP_016607_2080_RED-0101.jpg,1,val
ESP_016607_2080_RED-0122.jpg,1,val
ESP_016607_2080_RED-0131.jpg,1,val
ESP_016607_2080_RED-0138.jpg,1,val
ESP_016607_2080_RED-0141.jpg,1,val
ESP_016607_2080_RED-0160.jpg,1,test
ESP_016607_2080_RED-0161.jpg,1,val
ESP_016607_2080_RED-0162.jpg,1,val
ESP_016607_2080_RED-0171.jpg,1,test
ESP_016607_2080_RED-0172.jpg,1,val
ESP_016607_2080_RED-0190.jpg,3,val
ESP_016607_2080_RED-0200.jpg,3,val
ESP_016607_2080_RED-0209.jpg,3,val
ESP_016607_2080_RED-0248.jpg,3,test
ESP_016607_2080_RED-0260.jpg,1,val
ESP_016607_2080_RED-0261.jpg,3,val
ESP_016607_2080_RED-0262.jpg,1,val
ESP_016607_2080_RED-0264.jpg,1,val
ESP_016607_2080_RED-0270.jpg,1,val
ESP_016607_2080_RED-0273.jpg,1,val
ESP_016613_2570_RED-0001.jpg,4,test
ESP_016613_2570_RED-0006.jpg,4,test
ESP_016613_2570_RED-0008.jpg,4,test
ESP_016613_2570_RED-0010.jpg,4,test
ESP_016613_2570_RED-0013.jpg,4,test
ESP_016613_2570_RED-0026.jpg,4,test
ESP_016613_2570_RED-0028.jpg,4,test
ESP_016613_2570_RED-0031.jpg,4,test
ESP_016613_2570_RED-0032.jpg,4,test
ESP_016613_2570_RED-0034.jpg,4,test
ESP_016613_2570_RED-0038.jpg,4,test
ESP_016613_2570_RED-0039.jpg,4,test
ESP_016613_2570_RED-0042.jpg,4,test
ESP_016613_2570_RED-0043.jpg,4,test
ESP_016613_2570_RED-0044.jpg,4,test
ESP_016613_2570_RED-0046.jpg,4,test
ESP_016624_1925_RED-0018.jpg,3,train
ESP_016624_1925_RED-0025.jpg,3,train
ESP_016624_1925_RED-0029.jpg,3,train
ESP_016624_1925_RED-0031.jpg,3,train
ESP_016624_1925_RED-0036.jpg,1,train
ESP_016624_1925_RED-0045.jpg,3,train
ESP_016624_1925_RED-0048.jpg,1,train
ESP_016624_1925_RED-0063.jpg,1,train
ESP_016624_1925_RED-0121.jpg,1,train
ESP_016630_1720_RED-0000.jpg,1,train
ESP_016630_1720_RED-0006.jpg,1,train
ESP_016630_1720_RED-0009.jpg,1,test
ESP_016630_1720_RED-0010.jpg,1,train
ESP_016630_1720_RED-0016.jpg,1,train
ESP_016630_1720_RED-0035.jpg,1,train
ESP_016630_1720_RED-0039.jpg,1,train
ESP_016630_1720_RED-0041.jpg,1,test
ESP_016630_1720_RED-0042.jpg,1,train
ESP_016630_1720_RED-0044.jpg,1,train
ESP_016630_1720_RED-0047.jpg,1,test
ESP_016630_1720_RED-0049.jpg,1,train
ESP_016630_1720_RED-0054.jpg,1,train
ESP_016630_1720_RED-0056.jpg,1,train
ESP_016630_1720_RED-0058.jpg,1,train
ESP_016630_1720_RED-0059.jpg,1,train
ESP_016630_1720_RED-0060.jpg,1,train
ESP_016631_2535_RED-0000.jpg,4,test
ESP_016631_2535_RED-0002.jpg,4,test
ESP_016631_2535_RED-0003.jpg,4,train
ESP_016631_2535_RED-0004.jpg,4,train
ESP_016631_2535_RED-0006.jpg,4,train
ESP_016631_2535_RED-0008.jpg,4,train
ESP_016631_2535_RED-0011.jpg,4,test
ESP_016631_2535_RED-0012.jpg,4,test
ESP_016631_2535_RED-0013.jpg,4,test
ESP_016631_2535_RED-0014.jpg,4,train
ESP_016631_2535_RED-0015.jpg,4,test
ESP_016631_2535_RED-0016.jpg,4,val
ESP_016631_2535_RED-0017.jpg,4,test
ESP_016631_2535_RED-0018.jpg,4,train
ESP_016631_2535_RED-0019.jpg,4,train
ESP_016631_2535_RED-0020.jpg,4,train
ESP_016631_2535_RED-0021.jpg,4,test
ESP_016631_2535_RED-0025.jpg,4,train
ESP_016631_2535_RED-0026.jpg,4,test
ESP_016631_2535_RED-0029.jpg,4,val
ESP_016631_2535_RED-0030.jpg,4,train
ESP_016631_2535_RED-0031.jpg,4,train
ESP_016631_2535_RED-0032.jpg,4,train
ESP_016631_2535_RED-0034.jpg,4,train
ESP_016631_2535_RED-0036.jpg,4,train
ESP_016631_2535_RED-0037.jpg,4,train
ESP_016631_2535_RED-0038.jpg,4,train
ESP_016631_2535_RED-0039.jpg,4,train
ESP_016631_2535_RED-0040.jpg,4,train
ESP_016631_2535_RED-0042.jpg,4,train
ESP_016631_2535_RED-0043.jpg,4,train
ESP_016631_2535_RED-0044.jpg,4,train
ESP_016631_2535_RED-0047.jpg,4,train
ESP_016631_2535_RED-0048.jpg,4,test
ESP_016631_2535_RED-0049.jpg,4,train
ESP_016631_2535_RED-0050.jpg,4,train
ESP_016631_2535_RED-0051.jpg,4,train
ESP_016631_2535_RED-0054.jpg,4,train
ESP_016631_2535_RED-0055.jpg,4,test
ESP_016631_2535_RED-0056.jpg,4,train
ESP_016631_2535_RED-0057.jpg,4,train
ESP_016631_2535_RED-0058.jpg,4,train
ESP_016631_2535_RED-0059.jpg,4,train
ESP_016631_2535_RED-0060.jpg,4,train
ESP_016631_2535_RED-0062.jpg,4,val
ESP_016631_2535_RED-0063.jpg,4,test
ESP_016631_2535_RED-0064.jpg,4,train
ESP_016631_2535_RED-0065.jpg,4,train
ESP_016631_2535_RED-0067.jpg,4,val
ESP_016631_2535_RED-0068.jpg,4,train
ESP_016631_2535_RED-0070.jpg,4,test
ESP_016631_2535_RED-0071.jpg,4,train
ESP_016631_2535_RED-0072.jpg,4,val
ESP_016631_2535_RED-0073.jpg,4,train
ESP_016631_2535_RED-0075.jpg,4,train
ESP_016631_2535_RED-0077.jpg,4,train
ESP_016631_2535_RED-0078.jpg,4,train
ESP_016631_2535_RED-0079.jpg,4,train
ESP_016631_2535_RED-0080.jpg,4,train
ESP_016631_2535_RED-0081.jpg,4,train
ESP_016631_2535_RED-0082.jpg,4,train
ESP_016631_2535_RED-0084.jpg,4,val
ESP_016631_2535_RED-0086.jpg,4,train
ESP_016631_2535_RED-0087.jpg,4,val
ESP_016631_2535_RED-0088.jpg,4,val
ESP_016631_2535_RED-0089.jpg,4,train
ESP_016631_2535_RED-0090.jpg,4,train
ESP_016631_2535_RED-0092.jpg,4,train
ESP_016631_2535_RED-0094.jpg,4,train
ESP_016631_2535_RED-0095.jpg,4,train
ESP_016631_2535_RED-0096.jpg,4,train
ESP_016631_2535_RED-0097.jpg,4,train
ESP_016631_2535_RED-0098.jpg,4,train
ESP_016631_2535_RED-0099.jpg,4,train
ESP_016631_2535_RED-0100.jpg,4,test
ESP_016631_2535_RED-0102.jpg,4,test
ESP_016631_2535_RED-0103.jpg,4,val
ESP_016631_2535_RED-0104.jpg,4,train
ESP_016631_2535_RED-0105.jpg,4,train
ESP_016631_2535_RED-0106.jpg,4,train
ESP_016631_2535_RED-0107.jpg,4,train
ESP_016631_2535_RED-0109.jpg,4,train
ESP_016631_2535_RED-0110.jpg,4,train
ESP_016631_2535_RED-0111.jpg,4,val
ESP_016631_2535_RED-0112.jpg,4,train
ESP_016631_2535_RED-0113.jpg,4,train
ESP_016631_2535_RED-0115.jpg,4,test
ESP_016631_2535_RED-0116.jpg,4,val
ESP_016631_2535_RED-0118.jpg,4,train
ESP_016631_2535_RED-0119.jpg,4,val
ESP_016631_2535_RED-0122.jpg,4,test
ESP_016631_2535_RED-0123.jpg,4,test
ESP_016631_2535_RED-0124.jpg,4,train
ESP_016631_2535_RED-0126.jpg,4,train
ESP_016631_2535_RED-0130.jpg,4,test
ESP_016631_2535_RED-0131.jpg,4,train
ESP_016631_2535_RED-0132.jpg,4,train
ESP_016631_2535_RED-0133.jpg,4,train
ESP_016631_2535_RED-0138.jpg,4,train
ESP_016631_2535_RED-0140.jpg,4,test
ESP_016631_2535_RED-0141.jpg,4,test
ESP_016631_2535_RED-0146.jpg,4,train
ESP_016631_2535_RED-0147.jpg,4,train
ESP_016631_2535_RED-0148.jpg,4,train
ESP_016631_2535_RED-0149.jpg,4,train
ESP_016631_2535_RED-0151.jpg,4,train
ESP_016631_2535_RED-0152.jpg,4,val
ESP_016631_2535_RED-0153.jpg,4,train
ESP_016631_2535_RED-0154.jpg,4,train
ESP_016631_2535_RED-0155.jpg,4,train
ESP_016631_2535_RED-0157.jpg,4,val
ESP_016631_2535_RED-0158.jpg,4,train
ESP_016631_2535_RED-0159.jpg,4,train
ESP_016631_2535_RED-0161.jpg,4,train
ESP_016631_2535_RED-0163.jpg,4,train
ESP_016631_2535_RED-0164.jpg,4,test
ESP_016631_2535_RED-0166.jpg,4,train
ESP_016631_2535_RED-0167.jpg,4,train
ESP_016631_2535_RED-0168.jpg,4,train
ESP_016631_2535_RED-0169.jpg,4,train
ESP_016631_2535_RED-0170.jpg,4,train
ESP_016631_2535_RED-0171.jpg,4,train
ESP_016631_2535_RED-0172.jpg,4,val
ESP_016631_2535_RED-0174.jpg,4,train
ESP_016631_2535_RED-0175.jpg,4,train
ESP_016631_2535_RED-0176.jpg,4,train
ESP_016648_1665_RED-0354.jpg,1,test
ESP_016659_1710_RED-0003.jpg,1,test
ESP_016659_1710_RED-0062.jpg,1,test
ESP_016659_1710_RED-0248.jpg,1,test
ESP_016659_1710_RED-0251.jpg,1,test
ESP_016683_2535_RED-0001.jpg,4,train
ESP_016683_2535_RED-0002.jpg,4,train
ESP_016683_2535_RED-0003.jpg,4,val
ESP_016683_2535_RED-0007.jpg,4,train
ESP_016683_2535_RED-0008.jpg,4,train
ESP_016683_2535_RED-0009.jpg,4,train
ESP_016683_2535_RED-0011.jpg,4,val
ESP_016683_2535_RED-0014.jpg,4,val
ESP_016683_2535_RED-0016.jpg,4,train
ESP_016683_2535_RED-0017.jpg,4,train
ESP_016683_2535_RED-0019.jpg,4,val
ESP_016683_2535_RED-0020.jpg,4,train
ESP_016683_2535_RED-0021.jpg,4,test
ESP_016683_2535_RED-0024.jpg,4,val
ESP_016683_2535_RED-0025.jpg,4,train
ESP_016683_2535_RED-0026.jpg,4,train
ESP_016683_2535_RED-0027.jpg,4,train
ESP_016683_2535_RED-0029.jpg,4,test
ESP_016683_2535_RED-0030.jpg,4,val
ESP_016683_2535_RED-0031.jpg,4,train
ESP_016683_2535_RED-0032.jpg,4,train
ESP_016683_2535_RED-0033.jpg,4,val
ESP_016683_2535_RED-0034.jpg,4,test
ESP_016683_2535_RED-0035.jpg,4,val
ESP_016683_2535_RED-0036.jpg,4,train
ESP_016683_2535_RED-0037.jpg,4,train
ESP_016683_2535_RED-0038.jpg,4,train
ESP_016683_2535_RED-0039.jpg,4,train
ESP_016683_2535_RED-0042.jpg,4,train
ESP_016683_2535_RED-0043.jpg,4,train
ESP_016683_2535_RED-0046.jpg,4,train
ESP_016683_2535_RED-0047.jpg,4,train
ESP_016683_2535_RED-0048.jpg,4,train
ESP_016683_2535_RED-0049.jpg,4,val
ESP_016683_2535_RED-0050.jpg,4,train
ESP_016683_2535_RED-0052.jpg,4,train
ESP_016683_2535_RED-0053.jpg,4,train
ESP_016683_2535_RED-0054.jpg,4,val
ESP_016683_2535_RED-0055.jpg,4,train
ESP_016683_2535_RED-0056.jpg,4,train
ESP_016683_2535_RED-0057.jpg,4,train
ESP_016683_2535_RED-0058.jpg,4,train
ESP_016683_2535_RED-0059.jpg,4,val
ESP_016683_2535_RED-0060.jpg,4,train
ESP_016683_2535_RED-0063.jpg,4,train
ESP_016683_2535_RED-0064.jpg,4,val
ESP_016683_2535_RED-0066.jpg,4,train
ESP_016683_2535_RED-0067.jpg,4,train
ESP_016683_2535_RED-0068.jpg,4,train
ESP_016683_2535_RED-0069.jpg,4,val
ESP_016683_2535_RED-0070.jpg,4,train
ESP_016683_2535_RED-0071.jpg,4,train
ESP_016683_2535_RED-0073.jpg,4,val
ESP_016683_2535_RED-0074.jpg,4,train
ESP_016683_2535_RED-0075.jpg,4,test
ESP_016683_2535_RED-0076.jpg,4,train
ESP_016683_2535_RED-0077.jpg,4,train
ESP_016683_2535_RED-0078.jpg,4,train
ESP_016683_2535_RED-0079.jpg,4,train
ESP_016683_2535_RED-0082.jpg,4,test
ESP_016683_2535_RED-0083.jpg,4,test
ESP_016715_2025_RED-0038.jpg,3,train
ESP_016715_2025_RED-0042.jpg,3,train
ESP_016715_2025_RED-0060.jpg,3,train
ESP_016715_2025_RED-0077.jpg,3,train
ESP_016715_2025_RED-0082.jpg,3,train
ESP_016715_2025_RED-0085.jpg,3,train
ESP_016715_2025_RED-0095.jpg,3,train
ESP_016715_2025_RED-0100.jpg,3,train
ESP_016715_2025_RED-0103.jpg,3,train
ESP_016715_2025_RED-0105.jpg,3,train
ESP_016715_2025_RED-0136.jpg,3,train
ESP_016715_2025_RED-0137.jpg,3,train
ESP_016715_2025_RED-0140.jpg,3,train
ESP_016715_2025_RED-0161.jpg,3,train
ESP_016715_2025_RED-0233.jpg,3,train
ESP_016730_1960_RED-0001.jpg,1,test
ESP_016730_1960_RED-0031.jpg,1,test
ESP_016730_1960_RED-0141.jpg,1,train
ESP_016730_1960_RED-0184.jpg,1,train
ESP_016730_1960_RED-0216.jpg,1,train
ESP_016730_1960_RED-0345.jpg,5,train
ESP_016730_1960_RED-0446.jpg,1,train
ESP_016730_1960_RED-0448.jpg,1,train
ESP_016730_1960_RED-0461.jpg,1,train
ESP_016730_1960_RED-0462.jpg,1,train
ESP_016730_1960_RED-0468.jpg,5,train
ESP_016730_1960_RED-0481.jpg,1,train
ESP_016730_1960_RED-0503.jpg,5,train
ESP_016730_1960_RED-0509.jpg,1,train
ESP_016730_1960_RED-0519.jpg,5,train
ESP_016730_1960_RED-0584.jpg,1,train
ESP_016730_1960_RED-0613.jpg,1,train
ESP_016758_2570_RED-0002.jpg,4,test
ESP_016758_2570_RED-0006.jpg,4,train
ESP_016758_2570_RED-0008.jpg,4,train
ESP_016758_2570_RED-0010.jpg,4,train
ESP_016758_2570_RED-0011.jpg,4,val
ESP_016758_2570_RED-0012.jpg,4,train
ESP_016758_2570_RED-0014.jpg,4,train
ESP_016758_2570_RED-0017.jpg,4,train
ESP_016758_2570_RED-0019.jpg,4,val
ESP_016758_2570_RED-0024.jpg,4,val
ESP_016758_2570_RED-0026.jpg,4,val
ESP_016758_2570_RED-0027.jpg,4,train
ESP_016758_2570_RED-0031.jpg,4,train
ESP_016758_2570_RED-0032.jpg,4,test
ESP_016758_2570_RED-0035.jpg,4,train
ESP_016758_2570_RED-0036.jpg,4,train
ESP_016758_2570_RED-0037.jpg,4,val
ESP_016758_2570_RED-0038.jpg,4,train
ESP_016758_2570_RED-0040.jpg,4,val
ESP_016758_2570_RED-0041.jpg,4,test
ESP_016758_2570_RED-0042.jpg,4,train
ESP_016773_2010_RED-0041.jpg,5,train
ESP_016773_2010_RED-0045.jpg,5,train
ESP_016773_2010_RED-0069.jpg,5,test
ESP_016773_2010_RED-0154.jpg,1,train
ESP_016781_2055_RED-0006.jpg,3,train
ESP_016781_2055_RED-0007.jpg,3,train
ESP_016781_2055_RED-0010.jpg,3,train
ESP_016781_2055_RED-0015.jpg,3,train
ESP_016781_2055_RED-0023.jpg,3,train
ESP_016781_2055_RED-0024.jpg,3,train
ESP_016781_2055_RED-0032.jpg,3,train
ESP_016781_2055_RED-0040.jpg,3,train
ESP_016781_2055_RED-0043.jpg,3,train
ESP_016781_2055_RED-0052.jpg,3,train
ESP_016781_2055_RED-0055.jpg,3,train
ESP_016781_2055_RED-0059.jpg,3,train
ESP_016781_2055_RED-0063.jpg,3,train
ESP_016781_2055_RED-0065.jpg,3,train
ESP_016781_2055_RED-0066.jpg,3,train
ESP_016781_2055_RED-0069.jpg,3,train
ESP_016781_2055_RED-0072.jpg,3,train
ESP_016781_2055_RED-0077.jpg,3,train
ESP_016781_2055_RED-0087.jpg,3,train
ESP_016781_2055_RED-0088.jpg,3,train
ESP_016781_2055_RED-0091.jpg,3,train
ESP_016781_2055_RED-0093.jpg,3,train
ESP_016781_2055_RED-0098.jpg,3,train
ESP_016781_2055_RED-0099.jpg,3,train
ESP_016781_2055_RED-0104.jpg,3,train
ESP_016781_2055_RED-0121.jpg,3,train
ESP_016781_2055_RED-0128.jpg,3,train
ESP_016781_2055_RED-0133.jpg,3,train
ESP_016781_2055_RED-0136.jpg,3,train
ESP_016781_2055_RED-0146.jpg,3,train
ESP_016781_2055_RED-0151.jpg,3,train
ESP_016781_2055_RED-0154.jpg,3,train
ESP_016781_2055_RED-0175.jpg,3,train
ESP_016781_2055_RED-0178.jpg,3,train
ESP_016781_2055_RED-0188.jpg,3,train
ESP_016781_2055_RED-0201.jpg,3,train
ESP_016781_2055_RED-0222.jpg,3,train
ESP_016781_2055_RED-0225.jpg,3,train
ESP_016781_2055_RED-0229.jpg,3,train
ESP_016781_2055_RED-0234.jpg,3,train
ESP_016781_2055_RED-0235.jpg,3,train
ESP_016781_2055_RED-0238.jpg,3,train
ESP_016781_2055_RED-0239.jpg,3,train
ESP_016781_2055_RED-0241.jpg,3,train
ESP_016781_2055_RED-0243.jpg,3,train
ESP_016781_2055_RED-0245.jpg,3,train
ESP_016781_2055_RED-0246.jpg,3,train
ESP_016781_2055_RED-0258.jpg,3,train
ESP_016781_2055_RED-0259.jpg,3,train
ESP_016781_2055_RED-0264.jpg,3,train
ESP_016802_2190_RED-0077.jpg,1,train
ESP_016802_2190_RED-0084.jpg,1,train
ESP_016802_2190_RED-0087.jpg,1,train
ESP_016802_2190_RED-0097.jpg,1,train
ESP_016802_2190_RED-0131.jpg,1,train
ESP_016802_2190_RED-0142.jpg,1,train
ESP_016802_2190_RED-0163.jpg,1,train
ESP_016802_2190_RED-0271.jpg,1,train
ESP_016802_2190_RED-0320.jpg,1,train
ESP_016802_2190_RED-0374.jpg,1,train
ESP_016802_2190_RED-0410.jpg,1,train
ESP_016802_2190_RED-0542.jpg,1,train
ESP_016802_2190_RED-0543.jpg,1,train
ESP_016802_2190_RED-0545.jpg,1,train
ESP_016802_2190_RED-0546.jpg,1,test
ESP_017001_1805_RED-0172.jpg,2,test
ESP_017001_1805_RED-0197.jpg,2,train
ESP_017001_1805_RED-0204.jpg,2,test
ESP_017001_1805_RED-0399.jpg,1,test
ESP_017038_1790_RED-0058.jpg,1,train
ESP_017038_1790_RED-0058.jpg,1,train
ESP_017038_1790_RED-0066.jpg,1,train
ESP_017038_1790_RED-0066.jpg,1,train
ESP_017038_1790_RED-0074.jpg,1,train
ESP_017038_1790_RED-0074.jpg,1,test
ESP_017038_1790_RED-0084.jpg,1,train
ESP_017038_1790_RED-0084.jpg,1,train
ESP_017038_1790_RED-0089.jpg,1,train
ESP_017038_1790_RED-0089.jpg,1,test
ESP_017038_1790_RED-0097.jpg,5,train
ESP_017038_1790_RED-0097.jpg,5,train
ESP_017038_1790_RED-0123.jpg,1,test
ESP_017038_1790_RED-0123.jpg,1,train
ESP_017038_1790_RED-0130.jpg,1,test
ESP_017038_1790_RED-0130.jpg,1,train
ESP_017038_1790_RED-0154.jpg,1,train
ESP_017038_1790_RED-0154.jpg,1,train
ESP_017038_1790_RED-0155.jpg,1,train
ESP_017038_1790_RED-0155.jpg,1,train
ESP_017395_1700_RED-0007.jpg,5,train
ESP_017395_1700_RED-0007.jpg,5,train
ESP_017395_1700_RED-0014.jpg,1,train
ESP_017395_1700_RED-0014.jpg,1,train
ESP_017395_1700_RED-0039.jpg,1,train
ESP_017395_1700_RED-0039.jpg,1,train
ESP_017395_1700_RED-0049.jpg,5,train
ESP_017395_1700_RED-0049.jpg,5,train
ESP_017395_1700_RED-0051.jpg,1,train
ESP_017395_1700_RED-0051.jpg,1,train
ESP_017395_1700_RED-0077.jpg,1,test
ESP_017395_1700_RED-0077.jpg,1,test
ESP_017395_1700_RED-0098.jpg,5,train
ESP_017395_1700_RED-0098.jpg,5,train
ESP_017541_1600_RED-0000.jpg,1,train
ESP_017541_1600_RED-0023.jpg,1,train
ESP_017541_1600_RED-0078.jpg,1,train
ESP_017541_1600_RED-0207.jpg,1,train
ESP_017770_1990_RED-0058.jpg,1,train
ESP_017770_1990_RED-0391.jpg,5,train
ESP_017770_1990_RED-0460.jpg,1,train
ESP_018192_1985_RED-0385.jpg,5,test
ESP_018299_2245_RED-0193.jpg,5,train
ESP_018299_2245_RED-0412.jpg,5,train
ESP_018321_2565_RED-0017.jpg,2,train
ESP_018321_2565_RED-0023.jpg,2,train
ESP_018321_2565_RED-0024.jpg,2,train
ESP_018321_2565_RED-0030.jpg,2,train
ESP_018321_2565_RED-0034.jpg,2,train
ESP_018321_2565_RED-0053.jpg,2,train
ESP_018321_2565_RED-0066.jpg,2,train
ESP_018321_2565_RED-0068.jpg,2,train
ESP_018334_2600_RED-0004.jpg,2,train
ESP_018416_2060_RED-0035.jpg,3,val
ESP_018416_2060_RED-0043.jpg,3,train
ESP_018416_2060_RED-0078.jpg,3,train
ESP_018416_2060_RED-0082.jpg,3,val
ESP_018416_2060_RED-0083.jpg,3,train
ESP_018416_2060_RED-0087.jpg,3,train
ESP_018416_2060_RED-0101.jpg,3,train
ESP_018416_2060_RED-0114.jpg,3,val
ESP_018416_2060_RED-0132.jpg,3,val
ESP_018416_2060_RED-0137.jpg,3,train
ESP_018416_2060_RED-0193.jpg,3,val
ESP_018416_2060_RED-0214.jpg,3,val
ESP_018416_2060_RED-0224.jpg,3,val
ESP_018416_2060_RED-0226.jpg,3,train
ESP_018416_2060_RED-0238.jpg,3,train
ESP_018416_2060_RED-0243.jpg,3,val
ESP_018416_2060_RED-0250.jpg,3,val
ESP_018416_2060_RED-0267.jpg,3,val
ESP_018416_2060_RED-0278.jpg,3,val
ESP_018416_2060_RED-0281.jpg,3,train
ESP_018416_2060_RED-0285.jpg,3,val
ESP_018416_2060_RED-0286.jpg,3,train
ESP_018416_2060_RED-0293.jpg,3,val
ESP_018416_2060_RED-0296.jpg,3,val
ESP_018493_1925_RED-0001.jpg,1,train
ESP_018493_1925_RED-0182.jpg,1,train
ESP_018493_1925_RED-0199.jpg,1,train
ESP_018493_1925_RED-0228.jpg,1,train
ESP_018493_1925_RED-0247.jpg,5,train
ESP_018493_1925_RED-0290.jpg,5,train
ESP_018493_1925_RED-0338.jpg,1,train
ESP_018586_1735_RED-0020.jpg,1,test
ESP_018586_1735_RED-0048.jpg,5,test
ESP_018586_1735_RED-0077.jpg,1,train
ESP_018589_1885_RED-0106.jpg,1,val
ESP_018589_1885_RED-0106.jpg,1,val
ESP_018589_1885_RED-0194.jpg,1,val
ESP_018589_1885_RED-0194.jpg,1,val
ESP_018589_1885_RED-0205.jpg,1,val
ESP_018589_1885_RED-0205.jpg,1,val
ESP_018720_2655_RED-0017.jpg,2,test
ESP_018720_2655_RED-0023.jpg,2,test
ESP_018720_2655_RED-0027.jpg,2,test
ESP_018720_2655_RED-0031.jpg,2,train
ESP_018720_2655_RED-0035.jpg,2,train
ESP_018720_2655_RED-0038.jpg,2,test
ESP_018720_2655_RED-0041.jpg,2,test
ESP_018720_2655_RED-0042.jpg,2,test
ESP_018720_2655_RED-0043.jpg,2,test
ESP_018720_2655_RED-0045.jpg,2,train
ESP_018720_2655_RED-0046.jpg,2,test
ESP_018720_2655_RED-0051.jpg,2,test
ESP_018720_2655_RED-0052.jpg,2,test
ESP_018720_2655_RED-0056.jpg,2,train
ESP_018720_2655_RED-0060.jpg,2,val
ESP_018720_2655_RED-0064.jpg,2,val
ESP_018720_2655_RED-0066.jpg,2,test
ESP_018720_2655_RED-0068.jpg,2,test
ESP_018720_2655_RED-0069.jpg,2,test
ESP_018720_2655_RED-0070.jpg,2,train
ESP_018720_2655_RED-0071.jpg,2,test
ESP_018720_2655_RED-0075.jpg,2,test
ESP_018720_2655_RED-0076.jpg,2,test
ESP_018720_2655_RED-0078.jpg,2,test
ESP_018720_2655_RED-0081.jpg,2,test
ESP_018720_2655_RED-0083.jpg,2,train
ESP_018720_2655_RED-0084.jpg,2,test
ESP_018720_2655_RED-0089.jpg,2,test
ESP_018720_2655_RED-0091.jpg,2,train
ESP_018720_2655_RED-0092.jpg,2,val
ESP_018720_2655_RED-0093.jpg,2,test
ESP_018720_2655_RED-0096.jpg,2,val
ESP_018720_2655_RED-0101.jpg,2,val
ESP_018720_2655_RED-0102.jpg,2,train
ESP_018720_2655_RED-0105.jpg,2,train
ESP_018720_2655_RED-0108.jpg,2,test
ESP_018720_2655_RED-0110.jpg,2,train
ESP_018720_2655_RED-0114.jpg,2,val
ESP_018720_2655_RED-0118.jpg,2,val
ESP_018720_2655_RED-0119.jpg,2,test
ESP_018720_2655_RED-0120.jpg,2,test
ESP_018720_2655_RED-0124.jpg,2,val
ESP_018720_2655_RED-0126.jpg,2,test
ESP_018720_2655_RED-0127.jpg,2,val
ESP_018720_2655_RED-0132.jpg,2,test
ESP_018720_2655_RED-0136.jpg,2,val
ESP_018720_2655_RED-0140.jpg,2,train
ESP_018720_2655_RED-0145.jpg,2,val
ESP_018720_2655_RED-0147.jpg,2,test
ESP_018720_2655_RED-0148.jpg,2,val
ESP_018720_2655_RED-0155.jpg,2,test
ESP_018720_2655_RED-0157.jpg,2,train
ESP_018720_2655_RED-0159.jpg,2,test
ESP_018720_2655_RED-0160.jpg,2,train
ESP_018720_2655_RED-0162.jpg,2,test
ESP_018731_1770_RED-0017.jpg,1,train
ESP_018731_1770_RED-0037.jpg,1,train
ESP_018731_1770_RED-0049.jpg,5,train
ESP_018731_1770_RED-0052.jpg,1,test
ESP_018731_1770_RED-0066.jpg,1,train
ESP_018731_1770_RED-0080.jpg,1,train
ESP_018735_2815_RED-0042.jpg,2,val
ESP_018735_2815_RED-0048.jpg,2,val
ESP_018735_2815_RED-0070.jpg,2,val
ESP_018784_2050_RED-0117.jpg,1,train
ESP_018784_2050_RED-0132.jpg,1,train
ESP_018784_2050_RED-0141.jpg,5,train
ESP_018784_2050_RED-0147.jpg,5,train
ESP_018784_2050_RED-0167.jpg,5,train
ESP_018784_2050_RED-0169.jpg,1,train
ESP_018784_2050_RED-0182.jpg,1,train
ESP_018784_2050_RED-0213.jpg,1,train
ESP_018815_2570_RED-0000.jpg,2,val
ESP_018815_2570_RED-0003.jpg,2,test
ESP_018815_2570_RED-0004.jpg,2,train
ESP_018815_2570_RED-0009.jpg,2,test
ESP_018815_2570_RED-0010.jpg,2,test
ESP_018815_2570_RED-0012.jpg,2,val
ESP_018840_1865_RED-0003.jpg,3,train
ESP_018840_1865_RED-0004.jpg,3,train
ESP_018840_1865_RED-0009.jpg,1,train
ESP_018840_1865_RED-0010.jpg,1,train
ESP_018840_1865_RED-0013.jpg,3,train
ESP_018840_1865_RED-0058.jpg,3,train
ESP_018840_1865_RED-0059.jpg,3,train
ESP_018929_1830_RED-0036.jpg,1,test
ESP_018929_1830_RED-0088.jpg,1,test
ESP_018929_1830_RED-0151.jpg,1,test
ESP_018929_1830_RED-0166.jpg,5,test
ESP_018931_1905_RED-0033.jpg,1,test
ESP_018931_1905_RED-0057.jpg,1,train
ESP_018931_1905_RED-0064.jpg,1,train
ESP_018931_1905_RED-0135.jpg,1,train
ESP_019011_2245_RED-0552.jpg,5,train
ESP_019133_1975_RED-0002.jpg,3,train
ESP_019340_1875_RED-0044.jpg,3,test
ESP_019340_1875_RED-0049.jpg,3,test
ESP_019340_1875_RED-0106.jpg,1,test
ESP_019340_1875_RED-0119.jpg,3,test
ESP_019559_1390_RED-0466.jpg,2,train
ESP_019559_1390_RED-0512.jpg,2,train
ESP_019559_1390_RED-0576.jpg,2,train
ESP_019559_1390_RED-0578.jpg,2,train
ESP_019559_1390_RED-0583.jpg,2,train
ESP_019559_1390_RED-0608.jpg,2,train
ESP_019559_1390_RED-0645.jpg,2,train
ESP_019559_1390_RED-0698.jpg,2,train
ESP_019559_1390_RED-0699.jpg,2,train
ESP_019559_1390_RED-0701.jpg,2,train
ESP_019559_1390_RED-0727.jpg,2,train
ESP_019559_1390_RED-0734.jpg,2,train
ESP_019559_1390_RED-0804.jpg,2,train
ESP_019559_1390_RED-0951.jpg,2,train
ESP_019697_2020_RED-0003.jpg,1,train
ESP_019697_2020_RED-0003.jpg,1,train
ESP_019697_2020_RED-0017.jpg,1,test
ESP_019697_2020_RED-0017.jpg,1,train
ESP_019697_2020_RED-0021.jpg,1,train
ESP_019697_2020_RED-0021.jpg,1,train
ESP_019697_2020_RED-0024.jpg,1,train
ESP_019697_2020_RED-0024.jpg,1,train
ESP_019697_2020_RED-0025.jpg,1,train
ESP_019697_2020_RED-0025.jpg,1,train
ESP_019697_2020_RED-0032.jpg,1,train
ESP_019697_2020_RED-0032.jpg,1,test
ESP_019697_2020_RED-0033.jpg,1,train
ESP_019697_2020_RED-0033.jpg,1,train
ESP_019697_2020_RED-0034.jpg,1,train
ESP_019697_2020_RED-0034.jpg,1,train
ESP_019697_2020_RED-0035.jpg,1,train
ESP_019697_2020_RED-0035.jpg,1,train
ESP_019697_2020_RED-0040.jpg,1,test
ESP_019697_2020_RED-0040.jpg,1,train
ESP_019697_2020_RED-0046.jpg,1,train
ESP_019697_2020_RED-0046.jpg,1,train
ESP_019697_2020_RED-0051.jpg,1,train
ESP_019697_2020_RED-0051.jpg,1,test
ESP_019697_2020_RED-0053.jpg,1,train
ESP_019697_2020_RED-0053.jpg,1,train
ESP_019697_2020_RED-0055.jpg,1,train
ESP_019697_2020_RED-0055.jpg,1,train
ESP_019697_2020_RED-0066.jpg,1,train
ESP_019697_2020_RED-0066.jpg,1,train
ESP_019697_2020_RED-0067.jpg,1,train
ESP_019697_2020_RED-0067.jpg,1,test
ESP_019697_2020_RED-0072.jpg,5,train
ESP_019697_2020_RED-0072.jpg,5,train
ESP_019697_2020_RED-0083.jpg,1,train
ESP_019697_2020_RED-0083.jpg,1,train
ESP_019697_2020_RED-0087.jpg,1,train
ESP_019697_2020_RED-0087.jpg,1,train
ESP_019697_2020_RED-0088.jpg,1,test
ESP_019697_2020_RED-0088.jpg,1,train
ESP_019697_2020_RED-0093.jpg,1,train
ESP_019697_2020_RED-0093.jpg,1,train
ESP_019697_2020_RED-0097.jpg,1,train
ESP_019697_2020_RED-0097.jpg,1,train
ESP_019697_2020_RED-0101.jpg,1,train
ESP_019697_2020_RED-0101.jpg,1,train
ESP_019781_1945_RED-0040.jpg,3,train
ESP_019781_1945_RED-0045.jpg,3,train
ESP_019781_1945_RED-0046.jpg,3,train
ESP_019781_1945_RED-0060.jpg,3,train
ESP_019781_1945_RED-0061.jpg,3,train
ESP_019781_1945_RED-0070.jpg,3,train
ESP_019781_1945_RED-0085.jpg,3,train
ESP_019781_1945_RED-0104.jpg,3,train
ESP_020133_1720_RED-0012.jpg,1,val
ESP_020133_1720_RED-0041.jpg,1,val
ESP_020133_1720_RED-0054.jpg,1,val
ESP_020421_1810_RED-0013.jpg,3,test
ESP_020421_1810_RED-0014.jpg,3,test
ESP_020421_1810_RED-0023.jpg,3,test
ESP_020421_1810_RED-0027.jpg,3,test
ESP_020421_1810_RED-0055.jpg,3,test
ESP_020421_1810_RED-0077.jpg,3,test
ESP_020421_1810_RED-0079.jpg,3,test
ESP_020421_1810_RED-0115.jpg,3,test
ESP_020421_1810_RED-0130.jpg,3,test
ESP_020606_1445_RED-0041.jpg,1,train
ESP_020606_1445_RED-0064.jpg,1,train
ESP_020606_1445_RED-0065.jpg,1,train
ESP_020606_1445_RED-0066.jpg,1,train
ESP_020606_1445_RED-0103.jpg,1,train
ESP_020606_1445_RED-0129.jpg,1,train
ESP_020606_1445_RED-0143.jpg,1,train
ESP_020606_1445_RED-0169.jpg,1,train
ESP_020606_1445_RED-0209.jpg,1,train
ESP_020606_1445_RED-0224.jpg,1,test
ESP_020606_1445_RED-0239.jpg,1,train
ESP_020606_1445_RED-0273.jpg,1,train
ESP_020606_1445_RED-0315.jpg,1,test
ESP_020606_1445_RED-0321.jpg,1,train
ESP_020606_1445_RED-0362.jpg,1,test
ESP_020606_1445_RED-0380.jpg,1,train
ESP_020606_1445_RED-0408.jpg,1,train
ESP_020606_1445_RED-0462.jpg,1,train
ESP_020606_1445_RED-0476.jpg,1,train
ESP_020606_1445_RED-0510.jpg,1,train
ESP_020606_1445_RED-0519.jpg,1,train
ESP_020606_1445_RED-0538.jpg,1,test
ESP_020606_1445_RED-0541.jpg,1,test
ESP_020606_1445_RED-0555.jpg,1,train
ESP_020606_1445_RED-0558.jpg,1,train
ESP_020606_1445_RED-0575.jpg,1,train
ESP_020606_1445_RED-0629.jpg,1,train
ESP_020606_1445_RED-0644.jpg,1,train
ESP_020606_1445_RED-0664.jpg,1,train
ESP_020606_1445_RED-0679.jpg,1,train
ESP_020606_1445_RED-0692.jpg,1,train
ESP_020606_1445_RED-0848.jpg,1,test
ESP_020606_1445_RED-0856.jpg,1,train
ESP_020606_1445_RED-0863.jpg,1,train
ESP_021615_1505_RED-0111.jpg,1,train
ESP_021615_1505_RED-0122.jpg,1,train
ESP_022893_1860_RED-0121.jpg,5,val
ESP_022893_1860_RED-0121.jpg,5,val
ESP_022893_1860_RED-0370.jpg,5,test
ESP_022893_1860_RED-0370.jpg,5,val
ESP_023020_1410_RED-0176.jpg,1,train
ESP_023921_2235_RED-0130.jpg,1,train
ESP_023921_2235_RED-0135.jpg,1,train
ESP_024389_1795_RED-0282.jpg,5,train
ESP_024389_1795_RED-0282.jpg,5,train
ESP_024646_2570_RED-0001.jpg,4,train
ESP_024646_2570_RED-0002.jpg,4,test
ESP_024646_2570_RED-0003.jpg,4,val
ESP_024646_2570_RED-0011.jpg,4,train
ESP_024646_2570_RED-0013.jpg,4,test
ESP_024646_2570_RED-0016.jpg,4,train
ESP_024646_2570_RED-0017.jpg,4,test
ESP_024646_2570_RED-0018.jpg,4,val
ESP_024646_2570_RED-0019.jpg,4,train
ESP_024646_2570_RED-0020.jpg,4,train
ESP_024646_2570_RED-0027.jpg,4,train
ESP_024646_2570_RED-0029.jpg,4,val
ESP_024646_2570_RED-0035.jpg,4,train
ESP_024646_2570_RED-0036.jpg,4,train
ESP_024646_2570_RED-0037.jpg,4,val
ESP_025151_1570_RED-0360.jpg,1,train
ESP_025163_1890_RED-0004.jpg,1,train
ESP_025163_1890_RED-0082.jpg,1,train
ESP_025163_1890_RED-0093.jpg,1,train
ESP_025163_1890_RED-0094.jpg,1,train
ESP_025163_1890_RED-0102.jpg,1,train
ESP_025163_1890_RED-0103.jpg,1,train
ESP_025163_1890_RED-0107.jpg,1,train
ESP_025758_1475_RED-0257.jpg,1,val
ESP_025831_2260_RED-0234.jpg,1,val
ESP_026225_1710_RED-0056.jpg,1,train
ESP_026225_1710_RED-0057.jpg,1,train
ESP_026247_1650_RED-0170.jpg,2,train
ESP_026247_1650_RED-0270.jpg,1,test
ESP_026247_1650_RED-0330.jpg,1,train
ESP_026334_1755_RED-0032.jpg,1,train
ESP_026334_1755_RED-0050.jpg,1,train
ESP_026334_1755_RED-0079.jpg,1,train
ESP_026334_1755_RED-0080.jpg,1,train
ESP_026472_1410_RED-0015.jpg,1,train
ESP_026472_1410_RED-0037.jpg,1,train
ESP_026472_1410_RED-0039.jpg,1,train
ESP_026472_1410_RED-0070.jpg,1,train
ESP_026472_1410_RED-0080.jpg,1,train
ESP_026472_1410_RED-0089.jpg,1,train
ESP_026472_1410_RED-0091.jpg,1,train
ESP_026472_1410_RED-0107.jpg,1,train
ESP_026472_1410_RED-0118.jpg,1,train
ESP_026472_1410_RED-0130.jpg,1,test
ESP_026472_1410_RED-0131.jpg,1,train
ESP_026472_1410_RED-0141.jpg,1,train
ESP_026472_1410_RED-0143.jpg,1,train
ESP_026472_1410_RED-0147.jpg,1,train
ESP_026472_1410_RED-0149.jpg,1,train
ESP_026472_1410_RED-0155.jpg,1,train
ESP_026472_1410_RED-0162.jpg,1,train
ESP_026472_1410_RED-0181.jpg,1,train
ESP_026472_1410_RED-0191.jpg,1,train
ESP_026472_1410_RED-0220.jpg,1,train
ESP_026472_1410_RED-0223.jpg,1,train
ESP_026472_1410_RED-0238.jpg,1,test
ESP_026472_1410_RED-0243.jpg,1,train
ESP_026472_1410_RED-0248.jpg,1,test
ESP_026472_1410_RED-0253.jpg,1,train
ESP_026472_1410_RED-0254.jpg,1,train
ESP_026472_1410_RED-0257.jpg,1,train
ESP_026472_1410_RED-0259.jpg,1,train
ESP_026472_1410_RED-0261.jpg,1,train
ESP_026472_1410_RED-0268.jpg,1,train
ESP_026472_1410_RED-0270.jpg,1,train
ESP_026472_1410_RED-0276.jpg,1,train
ESP_026472_1410_RED-0281.jpg,1,train
ESP_026472_1410_RED-0282.jpg,1,train
ESP_026472_1410_RED-0285.jpg,1,train
ESP_026472_1410_RED-0287.jpg,1,train
ESP_026472_1410_RED-0289.jpg,1,train
ESP_026472_1410_RED-0290.jpg,1,train
ESP_026472_1410_RED-0291.jpg,1,train
ESP_026472_1410_RED-0292.jpg,1,train
ESP_026472_1410_RED-0294.jpg,1,train
ESP_026472_1410_RED-0300.jpg,1,train
ESP_026472_1410_RED-0301.jpg,1,train
ESP_026472_1410_RED-0306.jpg,1,train
ESP_026472_1410_RED-0312.jpg,1,train
ESP_026472_1410_RED-0315.jpg,1,test
ESP_026472_1410_RED-0316.jpg,1,train
ESP_026472_1410_RED-0318.jpg,1,train
ESP_026472_1410_RED-0324.jpg,1,train
ESP_026472_1410_RED-0328.jpg,1,train
ESP_026472_1410_RED-0330.jpg,1,train
ESP_026472_1410_RED-0332.jpg,1,train
ESP_026472_1410_RED-0337.jpg,1,train
ESP_026472_1410_RED-0338.jpg,1,train
ESP_026472_1410_RED-0361.jpg,1,train
ESP_026472_1410_RED-0364.jpg,1,train
ESP_026472_1410_RED-0365.jpg,1,train
ESP_026472_1410_RED-0366.jpg,1,train
ESP_026472_1410_RED-0372.jpg,1,train
ESP_026472_1410_RED-0373.jpg,1,train
ESP_026472_1410_RED-0376.jpg,1,test
ESP_026472_1410_RED-0382.jpg,1,train
ESP_026511_2330_RED-0249.jpg,1,train
ESP_026511_2330_RED-0268.jpg,1,train
ESP_027564_1655_RED-0043.jpg,1,test
ESP_027564_1655_RED-0063.jpg,1,test
ESP_027564_1655_RED-0196.jpg,1,test
ESP_027802_1685_RED-0150.jpg,1,train
ESP_027802_1685_RED-0184.jpg,1,train
ESP_027802_1685_RED-0233.jpg,1,test
ESP_027802_1685_RED-0273.jpg,1,train
ESP_027802_1685_RED-0357.jpg,1,train
ESP_027802_1685_RED-0376.jpg,1,train
ESP_027802_1685_RED-0384.jpg,1,train
ESP_027802_1685_RED-0398.jpg,1,train
ESP_027802_1685_RED-0410.jpg,1,train
ESP_028196_1840_RED-0119.jpg,1,train
ESP_028196_1840_RED-0139.jpg,1,train
ESP_028196_1840_RED-0156.jpg,1,train
ESP_028196_1840_RED-0257.jpg,1,train
ESP_028196_1840_RED-0324.jpg,1,train
ESP_028196_1840_RED-0341.jpg,1,train
ESP_028196_1840_RED-0345.jpg,1,train
ESP_028196_1840_RED-0411.jpg,1,test
ESP_028196_1840_RED-0413.jpg,1,test
ESP_028196_1840_RED-0430.jpg,1,train
ESP_028196_1840_RED-0454.jpg,1,train
ESP_028196_1840_RED-0455.jpg,1,train
ESP_028196_1840_RED-0499.jpg,1,train
ESP_028196_1840_RED-0500.jpg,1,train
ESP_028196_1840_RED-0505.jpg,1,train
ESP_028196_1840_RED-0506.jpg,1,train
ESP_028196_1840_RED-0507.jpg,1,train
ESP_028208_1950_RED-0053.jpg,1,val
ESP_028208_1950_RED-0158.jpg,1,val
ESP_028208_1950_RED-0208.jpg,1,val
ESP_028208_1950_RED-0209.jpg,1,val
ESP_028733_1370_RED-0634.jpg,1,train
ESP_029014_2150_RED-0048.jpg,1,train
ESP_029014_2150_RED-0877.jpg,1,train
ESP_029782_2075_RED-0094.jpg,1,train
ESP_029782_2075_RED-0115.jpg,1,train
ESP_029782_2075_RED-0265.jpg,1,train
ESP_029782_2075_RED-0330.jpg,1,train
ESP_029782_2075_RED-0369.jpg,1,train
ESP_029782_2075_RED-0371.jpg,1,train
ESP_029782_2075_RED-0381.jpg,1,test
ESP_029782_2075_RED-0383.jpg,1,train
ESP_029782_2075_RED-0392.jpg,1,train
ESP_029782_2075_RED-0606.jpg,1,train
ESP_029782_2075_RED-0664.jpg,1,train
ESP_029782_2075_RED-0694.jpg,1,train
ESP_029782_2075_RED-0697.jpg,1,train
ESP_029782_2075_RED-0699.jpg,1,train
ESP_029782_2075_RED-0708.jpg,1,train
ESP_029782_2075_RED-0720.jpg,1,train
ESP_029782_2075_RED-0726.jpg,1,test
ESP_029782_2075_RED-0727.jpg,1,train
ESP_029782_2075_RED-0739.jpg,1,test
ESP_029782_2075_RED-0743.jpg,1,train
ESP_029782_2075_RED-0746.jpg,1,train
ESP_029782_2075_RED-0758.jpg,1,train
ESP_029782_2075_RED-0760.jpg,1,train
ESP_029782_2075_RED-0769.jpg,1,test
ESP_029782_2075_RED-0782.jpg,1,train
ESP_029782_2075_RED-0785.jpg,1,train
ESP_029782_2075_RED-0786.jpg,1,train
ESP_029782_2075_RED-0789.jpg,1,train
ESP_029782_2075_RED-0795.jpg,1,train
ESP_029793_2005_RED-0011.jpg,1,train
ESP_029793_2005_RED-0011.jpg,1,train
ESP_029793_2005_RED-0029.jpg,1,train
ESP_029793_2005_RED-0029.jpg,1,train
ESP_029793_2005_RED-0045.jpg,1,train
ESP_029793_2005_RED-0045.jpg,1,train
ESP_029793_2005_RED-0069.jpg,1,train
ESP_029793_2005_RED-0069.jpg,1,train
ESP_029793_2005_RED-0080.jpg,1,train
ESP_029793_2005_RED-0080.jpg,1,train
ESP_029793_2005_RED-0090.jpg,1,train
ESP_029793_2005_RED-0090.jpg,1,train
ESP_029793_2005_RED-0104.jpg,1,train
ESP_029793_2005_RED-0104.jpg,1,train
ESP_029793_2005_RED-0119.jpg,5,train
ESP_029793_2005_RED-0119.jpg,5,train
ESP_029793_2005_RED-0145.jpg,1,train
ESP_029793_2005_RED-0145.jpg,1,train
ESP_029793_2005_RED-0151.jpg,1,train
ESP_029793_2005_RED-0151.jpg,1,train
ESP_029793_2005_RED-0157.jpg,1,test
ESP_029793_2005_RED-0157.jpg,1,test
ESP_030082_1615_RED-0078.jpg,1,val
ESP_030082_1615_RED-0436.jpg,1,val
ESP_030082_1615_RED-0593.jpg,1,val
ESP_030136_0930_RED-0004.jpg,6,val
ESP_030136_0930_RED-0008.jpg,6,test
ESP_030136_0930_RED-0009.jpg,6,val
ESP_030136_0930_RED-0014.jpg,6,val
ESP_030136_0930_RED-0016.jpg,6,test
ESP_030136_0930_RED-0017.jpg,6,test
ESP_030136_0930_RED-0020.jpg,6,val
ESP_030136_0930_RED-0021.jpg,6,val
ESP_030136_0930_RED-0023.jpg,6,val
ESP_030136_0930_RED-0026.jpg,6,val
ESP_030136_0930_RED-0029.jpg,6,val
ESP_030136_0930_RED-0031.jpg,6,test
ESP_030136_0930_RED-0033.jpg,6,val
ESP_030136_0930_RED-0034.jpg,6,val
ESP_030136_0930_RED-0035.jpg,6,val
ESP_030136_0930_RED-0036.jpg,6,val
ESP_030136_0930_RED-0041.jpg,6,val
ESP_030136_0930_RED-0043.jpg,6,val
ESP_030993_1960_RED-0013.jpg,1,train
ESP_030993_1960_RED-0013.jpg,1,train
ESP_030993_1960_RED-0061.jpg,1,train
ESP_030993_1960_RED-0061.jpg,1,train
ESP_030993_1960_RED-0062.jpg,5,train
ESP_030993_1960_RED-0062.jpg,5,train
ESP_032158_1615_RED-0182.jpg,1,test
ESP_032158_1615_RED-0305.jpg,1,train
ESP_032391_2080_RED-0003.jpg,1,val
ESP_032391_2080_RED-0003.jpg,1,val
ESP_032391_2080_RED-0009.jpg,1,test
ESP_032391_2080_RED-0009.jpg,1,val
ESP_032391_2080_RED-0010.jpg,1,val
ESP_032391_2080_RED-0010.jpg,1,val
ESP_032391_2080_RED-0028.jpg,1,val
ESP_032391_2080_RED-0028.jpg,1,val
ESP_032391_2080_RED-0037.jpg,1,val
ESP_032391_2080_RED-0037.jpg,1,val
ESP_032391_2080_RED-0039.jpg,1,val
ESP_032391_2080_RED-0039.jpg,1,val
ESP_032391_2080_RED-0041.jpg,1,test
ESP_032391_2080_RED-0041.jpg,1,val
ESP_032391_2080_RED-0057.jpg,1,val
ESP_032391_2080_RED-0057.jpg,1,val
ESP_032391_2080_RED-0068.jpg,1,val
ESP_032391_2080_RED-0068.jpg,1,val
ESP_032391_2080_RED-0282.jpg,1,test
ESP_032391_2080_RED-0282.jpg,1,val
ESP_032391_2080_RED-0297.jpg,3,val
ESP_032391_2080_RED-0297.jpg,3,val
ESP_032391_2080_RED-0327.jpg,3,val
ESP_032391_2080_RED-0327.jpg,3,train
ESP_032391_2080_RED-0328.jpg,1,val
ESP_032391_2080_RED-0328.jpg,1,val
ESP_033955_2065_RED-0015.jpg,2,train
ESP_033955_2065_RED-0019.jpg,2,train
ESP_033955_2065_RED-0021.jpg,2,train
ESP_033955_2065_RED-0022.jpg,2,train
ESP_033955_2065_RED-0024.jpg,2,train
ESP_033955_2065_RED-0025.jpg,2,train
ESP_033955_2065_RED-0027.jpg,2,train
ESP_033955_2065_RED-0028.jpg,2,train
ESP_033955_2065_RED-0030.jpg,2,train
ESP_033955_2065_RED-0031.jpg,2,train
ESP_033955_2065_RED-0032.jpg,2,train
ESP_033955_2065_RED-0033.jpg,2,train
ESP_033955_2065_RED-0034.jpg,2,train
ESP_033955_2065_RED-0035.jpg,2,train
ESP_033955_2065_RED-0037.jpg,2,train
ESP_033955_2065_RED-0038.jpg,2,train
ESP_033955_2065_RED-0039.jpg,2,train
ESP_033955_2065_RED-0042.jpg,2,train
ESP_033955_2065_RED-0045.jpg,2,train
ESP_033955_2065_RED-0046.jpg,2,train
ESP_033955_2065_RED-0047.jpg,2,train
ESP_033955_2065_RED-0048.jpg,2,train
ESP_033955_2065_RED-0051.jpg,2,train
ESP_033955_2065_RED-0052.jpg,2,train
ESP_033955_2065_RED-0054.jpg,2,train
ESP_034181_1695_RED-0006.jpg,1,val
ESP_034181_1695_RED-0013.jpg,1,val
ESP_034181_1695_RED-0018.jpg,1,test
ESP_034268_1795_RED-0018.jpg,1,val
ESP_034268_1795_RED-0046.jpg,1,test
ESP_034268_1795_RED-0051.jpg,1,val
ESP_034268_1795_RED-0056.jpg,1,val
ESP_034268_1795_RED-0063.jpg,1,val
ESP_034268_1795_RED-0080.jpg,1,val
ESP_034268_1795_RED-0096.jpg,1,val
ESP_034268_1795_RED-0099.jpg,1,val
ESP_034268_1795_RED-0133.jpg,1,val
ESP_034268_1795_RED-0183.jpg,1,test
ESP_034268_1795_RED-0207.jpg,1,val
ESP_034268_1795_RED-0240.jpg,1,val
ESP_034268_1795_RED-0252.jpg,1,val
ESP_034268_1795_RED-0265.jpg,1,val
ESP_034268_1795_RED-0291.jpg,1,test
ESP_034268_1795_RED-0311.jpg,1,val
ESP_034268_1795_RED-0360.jpg,3,val
ESP_034268_1795_RED-0366.jpg,1,val
ESP_034268_1795_RED-0369.jpg,1,val
ESP_034268_1795_RED-0371.jpg,1,val
ESP_034268_1795_RED-0397.jpg,3,val
ESP_034268_1795_RED-0400.jpg,1,val
ESP_034268_1795_RED-0407.jpg,3,val
ESP_034268_1795_RED-0413.jpg,3,train
ESP_034268_1795_RED-0417.jpg,1,val
ESP_034268_1795_RED-0430.jpg,1,val
ESP_034268_1795_RED-0432.jpg,1,val
ESP_034268_1795_RED-0434.jpg,1,test
ESP_034268_1795_RED-0436.jpg,1,val
ESP_034268_1795_RED-0439.jpg,1,val
ESP_034557_1510_RED-0001.jpg,1,val
ESP_034557_1510_RED-0002.jpg,1,val
ESP_034557_1510_RED-0065.jpg,1,val
ESP_034557_1510_RED-0066.jpg,1,val
ESP_034557_1510_RED-0075.jpg,1,val
ESP_034557_1510_RED-0081.jpg,1,val
ESP_034557_1510_RED-0097.jpg,1,val
ESP_034557_1510_RED-0124.jpg,1,val
ESP_034557_1510_RED-0129.jpg,1,val
ESP_034557_1510_RED-0144.jpg,1,val
ESP_034557_1510_RED-0156.jpg,1,val
ESP_034557_1510_RED-0189.jpg,1,val
ESP_034557_1510_RED-0192.jpg,1,val
ESP_034557_1510_RED-0196.jpg,1,val
ESP_034557_1510_RED-0200.jpg,1,val
ESP_034557_1510_RED-0213.jpg,1,val
ESP_034557_1510_RED-0215.jpg,1,val
ESP_034557_1510_RED-0231.jpg,1,val
ESP_034557_1510_RED-0246.jpg,1,test
ESP_034557_1510_RED-0249.jpg,1,val
ESP_034557_1510_RED-0252.jpg,1,val
ESP_034557_1510_RED-0266.jpg,1,val
ESP_034557_1510_RED-0268.jpg,1,val
ESP_034557_1510_RED-0300.jpg,1,val
ESP_034557_1510_RED-0362.jpg,1,test
ESP_034557_1510_RED-0377.jpg,1,val
ESP_034557_1510_RED-0381.jpg,1,val
ESP_034557_1510_RED-0382.jpg,1,val
ESP_034557_1510_RED-0420.jpg,1,val
ESP_034557_1510_RED-0491.jpg,1,val
ESP_034557_1510_RED-0497.jpg,1,val
ESP_034557_1510_RED-0503.jpg,1,val
ESP_034557_1510_RED-0533.jpg,1,val
ESP_034557_1510_RED-0541.jpg,1,val
ESP_034557_1510_RED-0544.jpg,1,val
ESP_034557_1510_RED-0583.jpg,1,val
ESP_034590_1795_RED-0021.jpg,1,train
ESP_034590_1795_RED-0021.jpg,1,train
ESP_034590_1795_RED-0057.jpg,1,train
ESP_034590_1795_RED-0057.jpg,1,test
ESP_034590_1795_RED-0104.jpg,5,test
ESP_034590_1795_RED-0104.jpg,5,train
ESP_034590_1795_RED-0114.jpg,5,train
ESP_034590_1795_RED-0114.jpg,5,train
ESP_034590_1795_RED-0122.jpg,1,test
ESP_034590_1795_RED-0122.jpg,1,train
ESP_034590_1795_RED-0125.jpg,1,train
ESP_034590_1795_RED-0125.jpg,1,train
ESP_034590_1795_RED-0140.jpg,5,train
ESP_034590_1795_RED-0140.jpg,5,train
ESP_034590_1795_RED-0149.jpg,1,train
ESP_034590_1795_RED-0149.jpg,1,train
ESP_034590_1795_RED-0162.jpg,1,train
ESP_034590_1795_RED-0162.jpg,1,train
ESP_034590_1795_RED-0164.jpg,5,train
ESP_034590_1795_RED-0164.jpg,5,train
ESP_034590_1795_RED-0184.jpg,1,train
ESP_034590_1795_RED-0184.jpg,1,train
ESP_034590_1795_RED-0196.jpg,1,train
ESP_034590_1795_RED-0196.jpg,1,train
ESP_034590_1795_RED-0248.jpg,1,train
ESP_034590_1795_RED-0248.jpg,1,train
ESP_034590_1795_RED-0251.jpg,1,train
ESP_034590_1795_RED-0251.jpg,1,train
ESP_034590_1795_RED-0252.jpg,1,train
ESP_034590_1795_RED-0252.jpg,1,train
ESP_034737_2090_RED-0149.jpg,1,train
ESP_034737_2090_RED-0173.jpg,1,train
ESP_035814_1550_RED-0174.jpg,1,test
ESP_035814_1550_RED-0182.jpg,1,test
ESP_035814_1550_RED-0265.jpg,1,test
ESP_035814_1550_RED-0274.jpg,1,test
ESP_035814_1550_RED-0287.jpg,1,test
ESP_035814_1550_RED-0318.jpg,1,test
ESP_036217_2580_RED-0003.jpg,2,train
ESP_036217_2580_RED-0004.jpg,2,train
ESP_036217_2580_RED-0005.jpg,2,train
ESP_036217_2580_RED-0007.jpg,2,train
ESP_036217_2580_RED-0008.jpg,2,train
ESP_036272_2420_RED-0009.jpg,1,train
ESP_036272_2420_RED-0009.jpg,1,test
ESP_036575_2075_RED-0020.jpg,1,val
ESP_036575_2075_RED-0213.jpg,1,val
ESP_036575_2075_RED-0218.jpg,1,val
ESP_036575_2075_RED-0262.jpg,1,val
ESP_036575_2075_RED-0305.jpg,1,val
ESP_036575_2075_RED-0331.jpg,1,val
ESP_036575_2075_RED-0399.jpg,1,val
ESP_036575_2075_RED-0403.jpg,1,val
ESP_036575_2075_RED-0430.jpg,1,val
ESP_036575_2075_RED-0437.jpg,1,val
ESP_036987_1825_RED-0033.jpg,1,train
ESP_039350_1915_RED-0047.jpg,1,train
ESP_039350_1915_RED-0047.jpg,1,train
ESP_039350_1915_RED-0049.jpg,1,train
ESP_039350_1915_RED-0049.jpg,1,train
ESP_039350_1915_RED-0109.jpg,5,train
ESP_039350_1915_RED-0109.jpg,5,train
ESP_039350_1915_RED-0118.jpg,1,train
ESP_039350_1915_RED-0118.jpg,1,train
ESP_039350_1915_RED-0155.jpg,1,train
ESP_039350_1915_RED-0155.jpg,1,train
ESP_039350_1915_RED-0184.jpg,1,train
ESP_039350_1915_RED-0184.jpg,1,train
ESP_039350_1915_RED-0186.jpg,1,train
ESP_039350_1915_RED-0186.jpg,1,train
ESP_040664_1050_RED-0040.jpg,7,val
ESP_046549_1790_RED-0002.jpg,5,train
ESP_046549_1790_RED-0002.jpg,5,train
ESP_046549_1790_RED-0046.jpg,5,test
ESP_046549_1790_RED-0046.jpg,5,train
ESP_046549_1790_RED-0052.jpg,5,train
ESP_046549_1790_RED-0052.jpg,5,train
ESP_046549_1790_RED-0105.jpg,1,train
ESP_046549_1790_RED-0105.jpg,1,train
ESP_046549_1790_RED-0109.jpg,5,train
ESP_046549_1790_RED-0109.jpg,5,train
ESP_046549_1790_RED-0141.jpg,5,test
ESP_046549_1790_RED-0141.jpg,5,train
ESP_046549_1790_RED-0142.jpg,5,train
ESP_046549_1790_RED-0142.jpg,5,train
ESP_046549_1790_RED-0153.jpg,5,train
ESP_046549_1790_RED-0153.jpg,5,train
ESP_046549_1790_RED-0161.jpg,1,train
ESP_046549_1790_RED-0161.jpg,1,train
ESP_046549_1790_RED-0169.jpg,5,train
ESP_046549_1790_RED-0169.jpg,5,train
ESP_046549_1790_RED-0233.jpg,1,train
ESP_046549_1790_RED-0233.jpg,1,train
ESP_046834_1525_RED-0016.jpg,1,train
ESP_046834_1525_RED-0016.jpg,1,test
ESP_046834_1525_RED-0029.jpg,1,train
ESP_046834_1525_RED-0029.jpg,1,train
ESP_046834_1525_RED-0048.jpg,1,train
ESP_046834_1525_RED-0048.jpg,1,train
ESP_046834_1525_RED-0072.jpg,1,train
ESP_046834_1525_RED-0072.jpg,1,train
ESP_046834_1525_RED-0087.jpg,5,test
ESP_046834_1525_RED-0087.jpg,5,train
ESP_046834_1525_RED-0095.jpg,1,train
ESP_046834_1525_RED-0095.jpg,1,train
ESP_046834_1525_RED-0125.jpg,1,train
ESP_046834_1525_RED-0125.jpg,1,train
ESP_046834_1525_RED-0157.jpg,5,train
ESP_046834_1525_RED-0157.jpg,5,train
ESP_046834_1525_RED-0181.jpg,1,train
ESP_046834_1525_RED-0181.jpg,1,train
ESP_046834_1525_RED-0191.jpg,5,train
ESP_046834_1525_RED-0191.jpg,5,train
ESP_046991_0950_RED-0001.jpg,7,train
ESP_046991_0950_RED-0002.jpg,7,train
ESP_046991_0950_RED-0003.jpg,7,train
ESP_046991_0950_RED-0006.jpg,7,train
ESP_046991_0950_RED-0007.jpg,7,train
ESP_046991_0950_RED-0009.jpg,7,train
ESP_046991_0950_RED-0013.jpg,7,train
ESP_046991_0950_RED-0018.jpg,7,train
ESP_046991_0950_RED-0023.jpg,7,train
ESP_046991_0950_RED-0024.jpg,7,train
ESP_046991_0950_RED-0027.jpg,7,train
ESP_046991_0950_RED-0029.jpg,7,train
ESP_046991_0950_RED-0032.jpg,7,train
ESP_047947_1795_RED-0007.jpg,1,train
ESP_047947_1795_RED-0007.jpg,1,train
ESP_047947_1795_RED-0015.jpg,1,train
ESP_047947_1795_RED-0015.jpg,1,train
ESP_049509_1075_RED-0010.jpg,7,val
ESP_049651_1050_RED-0002.jpg,7,train
ESP_049651_1050_RED-0006.jpg,7,train
ESP_049651_1050_RED-0030.jpg,7,train
ESP_049651_1050_RED-0037.jpg,7,train
ESP_049651_1050_RED-0043.jpg,7,train
ESP_049651_1050_RED-0062.jpg,7,train
ESP_049651_1050_RED-0070.jpg,7,train
ESP_049651_1050_RED-0073.jpg,7,train
ESP_049651_1050_RED-0086.jpg,7,train
ESP_049651_1050_RED-0089.jpg,7,train
ESP_049651_1050_RED-0090.jpg,7,train
ESP_050115_2005_RED-0057.jpg,1,train
ESP_050115_2005_RED-0057.jpg,1,train
ESP_050115_2005_RED-0076.jpg,1,train
ESP_050115_2005_RED-0076.jpg,1,train
ESP_050115_2005_RED-0077.jpg,1,train
ESP_050115_2005_RED-0077.jpg,1,train
ESP_050115_2005_RED-0097.jpg,1,train
ESP_050115_2005_RED-0097.jpg,1,train
ESP_050115_2005_RED-0142.jpg,1,train
ESP_050115_2005_RED-0142.jpg,1,train
ESP_050128_2025_RED-0027.jpg,1,train
ESP_050128_2025_RED-0027.jpg,1,train
ESP_050128_2025_RED-0038.jpg,3,train
ESP_050128_2025_RED-0038.jpg,3,train
ESP_050128_2025_RED-0072.jpg,1,train
ESP_050128_2025_RED-0072.jpg,1,train
ESP_050128_2025_RED-0074.jpg,1,train
ESP_050128_2025_RED-0074.jpg,1,train
PSP_002455_1320_RED-0058.jpg,2,train
PSP_002455_1320_RED-0064.jpg,2,train
PSP_002455_1320_RED-0069.jpg,2,train
PSP_002455_1320_RED-0070.jpg,2,train
PSP_002455_1320_RED-0074.jpg,2,train
PSP_002455_1320_RED-0078.jpg,2,train
PSP_002455_1320_RED-0080.jpg,2,train
PSP_002455_1320_RED-0081.jpg,2,train
PSP_002455_1320_RED-0083.jpg,2,train
PSP_002455_1320_RED-0084.jpg,2,train
PSP_002455_1320_RED-0089.jpg,2,train
PSP_002455_1320_RED-0099.jpg,2,train
PSP_002455_1320_RED-0104.jpg,2,train
PSP_002455_1320_RED-0106.jpg,2,train
PSP_002455_1320_RED-0108.jpg,2,train
PSP_002455_1320_RED-0110.jpg,2,train
PSP_002455_1320_RED-0111.jpg,2,train
PSP_002455_1320_RED-0112.jpg,2,train
PSP_002455_1320_RED-0113.jpg,2,train
PSP_002776_2025_RED-0006.jpg,1,val
PSP_002776_2025_RED-0009.jpg,1,val
PSP_002776_2025_RED-0023.jpg,1,val
PSP_002776_2025_RED-0046.jpg,1,val
PSP_002776_2025_RED-0073.jpg,1,val
PSP_002776_2025_RED-0074.jpg,1,test
PSP_002776_2025_RED-0076.jpg,3,val
PSP_002776_2025_RED-0080.jpg,1,val
PSP_002776_2025_RED-0085.jpg,1,val
PSP_002776_2025_RED-0087.jpg,1,val
PSP_002776_2025_RED-0090.jpg,1,val
PSP_002776_2025_RED-0098.jpg,3,train
PSP_002776_2025_RED-0113.jpg,3,val
PSP_002776_2025_RED-0116.jpg,1,val
PSP_002804_0930_RED-0003.jpg,6,val
PSP_002804_0930_RED-0015.jpg,6,val
PSP_002804_0930_RED-0018.jpg,6,val
PSP_002804_0930_RED-0021.jpg,6,val
PSP_002804_0930_RED-0023.jpg,6,test
PSP_002804_0930_RED-0024.jpg,6,val
PSP_002804_0930_RED-0025.jpg,6,val
PSP_002804_0930_RED-0031.jpg,6,val
PSP_002804_0930_RED-0034.jpg,6,val
PSP_002804_0930_RED-0036.jpg,6,val
PSP_002804_0930_RED-0051.jpg,6,val
PSP_003470_0930_RED-0004.jpg,7,test
PSP_003470_0930_RED-0007.jpg,7,test
PSP_003470_0930_RED-0017.jpg,7,test
PSP_003470_0930_RED-0018.jpg,7,test
PSP_003470_0930_RED-0023.jpg,7,test
PSP_003470_0930_RED-0033.jpg,7,test
PSP_003470_0930_RED-0034.jpg,7,test
PSP_003470_0930_RED-0035.jpg,7,test
PSP_003470_0930_RED-0036.jpg,7,test
PSP_003470_0930_RED-0039.jpg,7,test
PSP_003470_0930_RED-0040.jpg,7,test
PSP_003470_0930_RED-0041.jpg,7,test
PSP_003470_0930_RED-0042.jpg,7,test
PSP_003470_0930_RED-0043.jpg,7,test
PSP_003470_0930_RED-0051.jpg,7,test
PSP_003470_0930_RED-0055.jpg,7,test
PSP_003470_0930_RED-0057.jpg,7,test
PSP_003470_0930_RED-0059.jpg,7,test
PSP_003470_0930_RED-0067.jpg,7,test
PSP_003470_0930_RED-0069.jpg,7,test
PSP_003470_0930_RED-0070.jpg,7,test
PSP_003470_0930_RED-0072.jpg,7,test
PSP_003470_0930_RED-0073.jpg,7,test
PSP_003470_0930_RED-0075.jpg,7,test
PSP_003470_0930_RED-0080.jpg,7,test
PSP_003470_0930_RED-0086.jpg,7,test
PSP_003470_0930_RED-0090.jpg,7,test
PSP_003470_0930_RED-0094.jpg,7,test
PSP_003470_0930_RED-0099.jpg,7,test
PSP_003470_0930_RED-0105.jpg,7,test
PSP_003470_0930_RED-0106.jpg,7,test
PSP_003470_0930_RED-0109.jpg,7,test
PSP_003470_0930_RED-0110.jpg,7,test
PSP_003470_0930_RED-0113.jpg,7,test
PSP_003470_0930_RED-0114.jpg,7,test
PSP_003470_0930_RED-0116.jpg,7,test
PSP_003470_0930_RED-0127.jpg,7,test
PSP_003470_0930_RED-0131.jpg,7,test
PSP_003470_0930_RED-0143.jpg,7,test
PSP_003470_0930_RED-0144.jpg,7,test
PSP_003470_0930_RED-0146.jpg,7,test
PSP_003470_0930_RED-0148.jpg,7,test
PSP_003703_2035_RED-0003.jpg,1,train
PSP_003703_2035_RED-0004.jpg,1,train
PSP_003703_2035_RED-0006.jpg,1,test
PSP_003703_2035_RED-0019.jpg,1,test
PSP_003703_2035_RED-0027.jpg,1,train
PSP_003703_2035_RED-0031.jpg,1,train
PSP_003703_2035_RED-0032.jpg,1,train
PSP_003703_2035_RED-0033.jpg,1,train
PSP_003703_2035_RED-0044.jpg,1,test
PSP_003703_2035_RED-0067.jpg,1,train
PSP_003703_2035_RED-0075.jpg,1,train
PSP_003703_2035_RED-0097.jpg,1,train
PSP_003703_2035_RED-0100.jpg,1,train
PSP_003703_2035_RED-0108.jpg,1,train
PSP_003703_2035_RED-0151.jpg,1,train
PSP_003703_2035_RED-0159.jpg,1,train
PSP_003703_2035_RED-0178.jpg,1,train
PSP_003703_2035_RED-0180.jpg,1,train
PSP_003703_2035_RED-0182.jpg,1,train
PSP_003703_2035_RED-0193.jpg,1,train
PSP_003703_2035_RED-0195.jpg,1,train
PSP_003703_2035_RED-0207.jpg,1,train
PSP_004118_1355_RED-0286.jpg,1,test
PSP_004118_1355_RED-0451.jpg,1,train
PSP_004673_0935_RED-0005.jpg,6,test
PSP_004673_0935_RED-0007.jpg,6,test
PSP_004673_0935_RED-0009.jpg,6,test
PSP_004673_0935_RED-0014.jpg,6,test
PSP_004673_0935_RED-0017.jpg,6,test
PSP_004673_0935_RED-0019.jpg,6,test
PSP_004673_0935_RED-0022.jpg,6,test
PSP_004673_0935_RED-0024.jpg,6,test
PSP_004673_0935_RED-0027.jpg,6,test
PSP_004673_0935_RED-0033.jpg,6,test
PSP_004673_0935_RED-0034.jpg,6,test
PSP_004673_0935_RED-0047.jpg,6,test
PSP_004673_0935_RED-0049.jpg,6,test
PSP_004673_0935_RED-0053.jpg,6,test
PSP_004673_0935_RED-0061.jpg,6,test
PSP_004673_0935_RED-0062.jpg,6,test
PSP_004673_0935_RED-0066.jpg,6,test
PSP_004673_0935_RED-0067.jpg,6,test
PSP_004673_0935_RED-0070.jpg,6,test
PSP_004673_0935_RED-0071.jpg,6,test
PSP_004673_0935_RED-0072.jpg,6,test
PSP_004673_0935_RED-0074.jpg,6,test
PSP_004673_0935_RED-0078.jpg,6,test
PSP_004673_0935_RED-0083.jpg,6,test
PSP_004673_0935_RED-0087.jpg,6,test
PSP_004673_0935_RED-0091.jpg,6,test
PSP_004673_0935_RED-0095.jpg,6,test
PSP_004673_0935_RED-0097.jpg,6,test
PSP_004673_0935_RED-0099.jpg,6,test
PSP_004673_0935_RED-0100.jpg,6,test
PSP_004673_0935_RED-0108.jpg,6,test
PSP_004673_0935_RED-0111.jpg,6,test
PSP_004673_0935_RED-0114.jpg,6,test
PSP_004673_0935_RED-0126.jpg,6,test
PSP_004673_0935_RED-0127.jpg,6,test
PSP_004673_0935_RED-0129.jpg,6,test
PSP_004673_0935_RED-0134.jpg,6,test
PSP_004673_0935_RED-0136.jpg,6,test
PSP_004673_0935_RED-0138.jpg,6,test
PSP_004673_0935_RED-0140.jpg,6,test
PSP_004673_0935_RED-0143.jpg,6,test
PSP_004673_0935_RED-0144.jpg,6,test
PSP_005150_1490_RED-0269.jpg,1,train
PSP_005441_1970_RED-0008.jpg,1,train
PSP_005441_1970_RED-0062.jpg,3,train
PSP_005457_2030_RED-0010.jpg,1,test
PSP_005457_2030_RED-0011.jpg,1,train
PSP_005457_2030_RED-0018.jpg,1,train
PSP_005457_2030_RED-0036.jpg,1,test
PSP_005457_2030_RED-0042.jpg,1,train
PSP_005457_2030_RED-0082.jpg,1,train
PSP_005457_2030_RED-0111.jpg,1,train
PSP_005457_2030_RED-0120.jpg,1,train
PSP_005728_0935_RED-0001.jpg,6,train
PSP_005728_0935_RED-0007.jpg,6,train
PSP_005728_0935_RED-0013.jpg,6,train
PSP_005728_0935_RED-0015.jpg,6,test
PSP_005728_0935_RED-0019.jpg,6,train
PSP_005728_0935_RED-0023.jpg,6,train
PSP_005728_0935_RED-0024.jpg,6,train
PSP_006615_1910_RED-0033.jpg,1,val
PSP_006615_1910_RED-0332.jpg,3,val
PSP_006615_1910_RED-0368.jpg,6,val
PSP_006766_1850_RED-0030.jpg,1,train
PSP_006766_1850_RED-0037.jpg,1,train
PSP_006766_1850_RED-0039.jpg,1,train
PSP_006766_1850_RED-0045.jpg,1,train
PSP_006766_1850_RED-0048.jpg,1,train
PSP_006879_2335_RED-0070.jpg,1,test
PSP_006921_1830_RED-0012.jpg,1,test
PSP_006921_1830_RED-0031.jpg,1,test
PSP_006921_1830_RED-0034.jpg,1,test
PSP_006921_1830_RED-0131.jpg,1,test
PSP_006921_1830_RED-0218.jpg,1,test
PSP_007489_1965_RED-0001.jpg,1,test
PSP_007489_1965_RED-0012.jpg,1,test
PSP_007489_1965_RED-0013.jpg,1,test
PSP_007489_1965_RED-0015.jpg,1,test
PSP_007489_1965_RED-0018.jpg,1,test
PSP_007489_1965_RED-0021.jpg,1,test
PSP_007489_1965_RED-0072.jpg,1,test
PSP_007489_1965_RED-0092.jpg,1,test
PSP_007489_1965_RED-0112.jpg,1,test
PSP_007489_1965_RED-0116.jpg,1,test
PSP_007489_1965_RED-0120.jpg,1,test
PSP_008027_2070_RED-0223.jpg,1,test
PSP_008027_2070_RED-0521.jpg,1,test
PSP_008462_1440_RED-0009.jpg,1,val
PSP_008462_1440_RED-0011.jpg,1,test
PSP_008462_1440_RED-0029.jpg,1,val
PSP_008462_1440_RED-0032.jpg,1,val
PSP_008462_1440_RED-0038.jpg,1,val
PSP_008462_1440_RED-0059.jpg,1,val
PSP_008462_1440_RED-0061.jpg,1,val
PSP_008462_1440_RED-0079.jpg,1,val
PSP_008462_1440_RED-0085.jpg,1,val
PSP_008462_1440_RED-0086.jpg,1,val
PSP_008462_1440_RED-0087.jpg,1,val
PSP_008462_1440_RED-0092.jpg,1,test
PSP_008462_1440_RED-0097.jpg,1,val
PSP_008462_1440_RED-0099.jpg,1,val
PSP_008462_1440_RED-0100.jpg,1,val
PSP_008462_1440_RED-0107.jpg,1,val
PSP_008462_1440_RED-0108.jpg,1,val
PSP_008462_1440_RED-0109.jpg,1,val
PSP_008462_1440_RED-0129.jpg,1,val
PSP_008462_1440_RED-0148.jpg,1,val
PSP_008462_1440_RED-0166.jpg,1,val
PSP_008462_1440_RED-0172.jpg,1,val
PSP_008462_1440_RED-0176.jpg,1,val
PSP_008965_1510_RED-0011.jpg,1,test
PSP_008965_1510_RED-0098.jpg,1,test
PSP_008965_1510_RED-0157.jpg,1,test
PSP_008965_1510_RED-0239.jpg,1,test
PSP_008965_1510_RED-0279.jpg,1,test
PSP_008965_1510_RED-0364.jpg,1,test
PSP_008965_1510_RED-0497.jpg,1,test
PSP_008965_1510_RED-0561.jpg,1,test
PSP_008965_1510_RED-0598.jpg,1,test
PSP_008965_1510_RED-0627.jpg,1,test
PSP_008965_1510_RED-0654.jpg,1,test
PSP_008965_1510_RED-0672.jpg,1,test
PSP_008965_1510_RED-0690.jpg,1,test
PSP_008965_1510_RED-0727.jpg,1,test
PSP_008965_1510_RED-0750.jpg,1,test
PSP_008965_1510_RED-0768.jpg,1,test
PSP_008965_1510_RED-0782.jpg,1,test
PSP_008965_1510_RED-0791.jpg,1,test
PSP_008965_1510_RED-0800.jpg,1,test
PSP_008965_1510_RED-0813.jpg,1,test
PSP_008965_1510_RED-0815.jpg,1,test
PSP_008965_1510_RED-0831.jpg,1,test
PSP_008965_1510_RED-0890.jpg,1,test
PSP_008965_1510_RED-0896.jpg,1,test
PSP_008965_1510_RED-0913.jpg,1,test
PSP_009733_2795_RED-0002.jpg,2,val
PSP_009733_2795_RED-0010.jpg,2,test
PSP_009754_2205_RED-0008.jpg,1,train
PSP_010021_1835_RED-0056.jpg,1,train
PSP_010087_1555_RED-0023.jpg,1,train
PSP_010087_1555_RED-0029.jpg,1,train
PSP_010087_1555_RED-0084.jpg,1,train
PSP_010087_1555_RED-0096.jpg,1,train
PSP_010087_1555_RED-0105.jpg,1,train
PSP_010087_1555_RED-0163.jpg,1,test
PSP_010087_1555_RED-0181.jpg,1,train
PSP_010461_1845_RED-0110.jpg,3,val
PSP_010492_1510_RED-0009.jpg,1,train
PSP_010587_1620_RED-0048.jpg,1,train
PSP_010587_1620_RED-0130.jpg,1,train
PSP_010587_1620_RED-0236.jpg,1,train
